id,title,description,price,availability,condition,link,image_link,additional_image_link,brand,product_type
55454088997,Therafeed Urinary Health 2kg Grain Free Dry Food Makanan Kucing Premium,"THERAFEED URINARY HEALTH Apa itu Therafeed Urinary Health? Therafeed Urinary Health adalah makanan kering (dry food) khusus untuk kucing yang diformulasikan untuk mendukung kesehatan saluran kemih (urinary tract) dan membantu mencegah penumpukan kristal atau batu di kandung kemih. Produk ini berasal dari seri Therafeed yang dibuat dengan pendekatan nutrisi lebih sehat dibanding pakan biasa. Keunggulan: 1. Formula Urinary Care – Dirancang khusus untuk menjaga agar saluran kemih kucing tetap sehat dan bebas dari masalah seperti kencing batu atau kristal urin. 2. Grain-Free (bebas biji-bijian) – Tidak menggunakan gandum atau jagung, sehingga lebih mudah dicerna dan mengurangi risiko alergi pencernaan. 3. Kandungan Cranberry – Ekstrak cranberry ditambahkan karena dikenal membantu membersihkan saluran kemih dan mengurangi residu yang bisa menjadi batu ginjal. 4. Tinggi Protein & Rendah Karbohidrat – Menyediakan nutrisi yang seimbang sesuai kebutuhan kucing, dengan protein tinggi untuk energi dan karbohidrat rendah agar tidak menyebabkan penumpukan lemak berlebih. 5. Ukuran Butiran Sesuai – Bentuk kibble yang disesuaikan untuk memudahkan dikunyah dan dicerna oleh kucing dari segala usia. 6. Formula hairball control: kandungan serat membantu mengurangi pembentukan bola bulu (hairball) dan membantu keluarnya hairball. 7. Juga ditambahkan Fructooligosakarida (FOS) untuk mendukung kesehatan usus / pencernaan Guaranteed Analysis CRUDE PROTEIN Min. 35% CRUDE FAT Min. 18% CRUDE FIBER Max. 3% CRUDE ASH Max. 9% CALCIUM Min. 0,8% PHOSPHORUS Min. 0,6% MOISTURE Max. 10% TAURINE 2.000 mg/kg ZINC 120 mg/kg Ingredients: Chicken meal, Sweet potato powder, Tapioca, Lentil, Chicken oil, Tuna meal, Beet pulp, Brewer's yeast, Flaxseed, Salt, Taurine, Rosemary oil, Cranberry, Blueberry, Beet, Broccoli, Parsley, Banana, Apple, Orange, Mango, Strawberry, DL-methionine, Chelated minerals (Iron (Fe), Copper (Cu), Zinc (Zn), Selenium (Se), Manganese (Mn), Cobalt (Co)), Potassium chloride, Vitamin supplements (Vitamin A, Vitamin D, Vitamin E, Vitamin K, Thiamin (B1), Riboflavin (B2), Pyridoxine (B6), Pantothenic acid, Biotin, Folic acid, Niacin, Cyanocobalamin (B12), Ascorbic acid (C), Choline chloride, Mineral supplements (Iron (Fe), Copper (Cu), Zinc (Zn), Selenium (Se), Manganese (Mn), lodine (1), Cobalt (Co))",277000.00 IDR,in stock,new,https://shopee.co.id/product/262714770/55454088997,https://cf.shopee.co.id/file/id-11134207-82251-mj2fh3acj47621,"https://cf.shopee.co.id/file/id-11134207-82251-mj2fh3aclxc219,https://cf.shopee.co.id/file/id-11134207-8224y-mj2fh3ackirm50,https://cf.shopee.co.id/file/id-11134207-8224r-mj2fh3aljldz57",Therafeed,Pets > Pet Food > Cat Food
53304298823,Vitagold Maxi Growth Wet Food 185gr Makanan Basah Kucing,"VITAGOLD MAXI GROWTH 185gr VITAGOLD MAXI GROWTH Wet Food untuk Kucing adalah makanan basah bernutrisi tinggi yang diformulasikan khusus untuk mendukung pertumbuhan maksimal dan kesehatan optimal kucing, terutama pada masa pertumbuhan. Teksturnya lembut dengan cita rasa lezat sehingga mudah dikonsumsi dan disukai kucing. Makanan basah ini mengandung protein berkualitas tinggi, vitamin, dan mineral penting yang membantu pembentukan otot, memperkuat daya tahan tubuh, serta menunjang perkembangan tulang dan gigi. Kandungan nutrisinya juga membantu menjaga kesehatan pencernaan dan meningkatkan nafsu makan. Keunggulan VITAGOLD MAXI GROWTH Wet Food: 1. Mendukung pertumbuhan maksimal kucing 2. Tinggi protein untuk pembentukan otot 3. Mengandung vitamin & mineral penting 4. Tekstur lembut, mudah dicerna 5. Rasa lezat, meningkatkan nafsu makan 6. Cocok untuk anak kucing hingga kucing dewasa 7. Tidak mengandung babi 8. Grain Free (Bebas biji-bijian) Kandungan Gizi: Energy 94 kkal/can Protein 15% Fiber 1,0% Fat 2,0% Moisture 84% Komposisi: Daging Ayam, Daging Ikan, sari rumput laut, minyak kedelai, taurin, vitamin, dan mineral premix, Omega-3, L-Carnitine",38000.00 IDR,in stock,new,https://shopee.co.id/product/262714770/53304298823,https://cf.shopee.co.id/file/id-11134207-8224t-mj70vc18i29zff,"https://cf.shopee.co.id/file/id-11134207-8224w-mj70vc18gnpje8,https://cf.shopee.co.id/file/id-11134207-8224y-mj70vc18nojr09,https://cf.shopee.co.id/file/id-11134207-8224w-mj70vc18kvevaa,https://cf.shopee.co.id/file/id-11134207-8224u-mj70vc18m9zbb9",Vitagold,Pets > Pet Food > Cat Food
53204278378,Vitagold Mother & Baby Cat Wet Food 185gr Makanan Basah Kucing,"VITAGOLD MOHTER & BABY CAT 185gr VITAGOLD MOTHER & BABY CAT Wet Food untuk Kucing adalah makanan basah bernutrisi lengkap yang diformulasikan khusus untuk memenuhi kebutuhan induk kucing (hamil & menyusui) serta anak kucing (kitten) pada masa pertumbuhan awal. Teksturnya lembut dan mudah dikonsumsi, sehingga aman dan nyaman untuk pencernaan yang masih sensitif. Produk ini mengandung protein berkualitas tinggi, vitamin, mineral, serta nutrisi penting yang membantu mendukung pertumbuhan optimal kitten, perkembangan otak dan tulang, serta menjaga kesehatan dan stamina induk kucing selama masa kehamilan dan menyusui. Kandungan nutrisinya juga membantu meningkatkan nafsu makan dan daya tahan tubuh. Keunggulan VITAGOLD MOTHER & BABYCAT Wet Food: 1. Diformulasikan khusus untuk induk & anak kucing 2. Mendukung pertumbuhan dan perkembangan kitten 3. Membantu menjaga stamina induk hamil & menyusui 4. Tekstur lembut, mudah dicerna 5. Kaya protein, vitamin & mineral 6. Rasa lezat, disukai kucing 7. Tidak mengandung babi 8. Grain Free (Bebas biji-bijian) Kandungan Gizi: Energy 78 kkal/can Protein 10,5% Fiber 0,9% Fat 5,5% Moisture 79% Komposisi: Daging Ayam, Daging Ikan, sari rumput laut, minyak kedelai, taurin, vitamin, dan mineral premix, Omega-3, L-Carnitine, Glukosamine",38000.00 IDR,in stock,new,https://shopee.co.id/product/262714770/53204278378,https://cf.shopee.co.id/file/id-11134207-8224r-mj6hs747kjr437,"https://cf.shopee.co.id/file/id-11134207-8224s-mj6hs747lybk60,https://cf.shopee.co.id/file/id-11134207-8224o-mj70vc0tvbb6a6,https://cf.shopee.co.id/file/id-11134207-82251-mj70vc18f9536a,https://cf.shopee.co.id/file/id-11134207-8224w-mj6hs747ncw0e3",Vitagold,Pets > Pet Food > Cat Food
50014163687,Luve Kandang Besi Lipat 76x48x63 cm Roda - Kandang Kucing Anjing,"Kandang Kucing Luve Premium Lipat dengan Roda 76x48x63 cm Rumah nyaman dan aman untuk kucing kesayangan Anda! Kandang Kucing Luve Premium dirancang dengan material berkualitas tinggi yang kokoh, kuat, dan tahan lama. Dilengkapi roda sehingga mudah dipindahkan, pintu depan dan pintu atas untuk akses yang lebih praktis, serta dapat dilipat sehingga hemat tempat saat tidak digunakan. Sangat cocok digunakan sebagai kandang harian, ruang istirahat, proses adaptasi kucing baru, masa pemulihan setelah operasi, atau perjalanan. Keunggulan Produk: 1. Material besi berkualitas premium yang kuat dan tahan lama 2. Finishing coating anti karat dengan warna elegan 3. Pengunci pintu kokoh sehingga lebih aman dan tidak mudah terbuka 4. Dilengkapi 4 roda untuk memudahkan pemindahan kandang 5. Memiliki pintu depan dan pintu atas sehingga memudahkan mengambil atau memasukkan kucing 6. Desain lipat (Foldable) sehingga mudah disimpan dan hemat tempat 7. Tray bawah plastik yang mudah dilepas untuk memudahkan pembersihan 8. Ventilasi maksimal agar sirkulasi udara tetap baik 9. Sudut kandang dibuat lebih aman dan nyaman untuk hewan peliharaan Spesifikasi Produk: - Brand: Luve by Octagon - Jenis: Kandang Kucing Lipat - Material: Besi berkualitas - Ukuran: Panjang: 76 cm Lebar: 48 cm Tinggi: 63 cm - Fitur: Foldable (bisa dilipat) - Roda: Ya (4 roda) - Tray bawah: Plastik, dapat dilepas - Pintu: Depan dan atas Cocok Digunakan Untuk: - Kucing dewasa - Anak kucing (kitten) - Masa pemulihan setelah operasi - Breeding - Adaptasi kucing baru - Temporary cage di rumah - Pet hotel dan klinik hewan - Isi Paket: 1 x Kandang Kucing Luve Premium 1 x Tray plastik bawah 4 x Roda 1 x Tempat makan/minum (sesuai paket produk, bila tersedia) Cara Perawatan: - Bersihkan tray secara rutin menggunakan air dan sabun ringan. - Lap rangka besi dengan kain lembut agar tetap bersih. - Hindari penggunaan bahan kimia yang bersifat korosif. - Pastikan pengunci pintu selalu terkunci setelah digunakan. Kenapa Harus Memilih Kandang Luve? - Material premium dan lebih kokoh - Praktis dipindahkan berkat roda - Hemat tempat karena bisa dilipat - Mudah dibersihkan - Desain elegan dan modern - Aman dan nyaman untuk kucing Catatan: - Mohon ukur terlebih dahulu ukuran hewan peliharaan sebelum membeli. - Warna produk dapat sedikit berbeda akibat pencahayaan saat proses foto. - Toleransi ukuran ±1–2 cm karena proses pengukuran manual. Central Cat's Official menyediakan produk original dengan kualitas terbaik untuk memenuhi kebutuhan hewan kesayangan Anda. Belanja sekarang dan berikan kenyamanan terbaik untuk si manis di rumah!",550000.00 IDR,in stock,new,https://shopee.co.id/product/262714770/50014163687,https://cf.shopee.co.id/file/id-11134207-81ztc-mqrbyfx5siyz04,"https://cf.shopee.co.id/file/id-11134207-81zto-mqrbyfx4qln316,https://cf.shopee.co.id/file/id-11134207-81ztq-mqrbyfx4s07j12",Luve,Pets > Pet Accessories > Pet Furniture > Cages & Crates
49704104594,Therafeed Hairball Control 2kg Grain Free Dry Food Makanan Kucing Premium,"THERAFEED HAIRBALL CONTROL Therafeed Hairball Control adalah makanan kering (dry food) untuk kucing yang difokuskan khusus membantu mengurangi dan mencegah terbentuknya hairball (gumpalan bulu) di saluran pencernaan kucing. Produk ini umumnya dibuat dengan formula grain-free (bebas biji-bijian) yang lebih mudah dicerna oleh kucing, terutama yang sensitif terhadap gandum atau jagung, serta tinggi protein dan rendah karbohidrat sesuai kebutuhan kucing karnivora. Keunggulan: 1. Kontrol Hairball: Diformulasikan agar rambut yang tertelan ketika kucing merawat tubuhnya dapat dikeluarkan melalui pencernaan dengan lebih mudah, sehingga meminimalkan penumpukan hairball. 2. Grain-Free: Tidak mengandung biji-bijian seperti gandum atau jagung, membantu mengurangi risiko alergi pencernaan pada kucing sensitif. 3. Serat Tinggi: Kandungan serat seperti psyllium peel atau beet pulp membantu merangsang pergerakan usus untuk pengeluaran hairball. 4. Omega 3 & 6 + Biotin & Zinc: Nutrisi ini mendukung kesehatan kulit dan bulu, sehingga rambut kucing lebih kuat dan rontoknya bisa lebih terkendali. 5. Protein Tinggi: Menyediakan kebutuhan protein yang optimal (sekitar 35% atau lebih), baik untuk energi dan kesehatan otot. 6. Juga ditambahkan Fructooligosakarida (FOS) untuk mendukung kesehatan usus / pencernaan Guaranteed Analysis CRUDE PROTEIN Min. 35% CRUDE FAT Min. 18% CRUDE FIBER Max. 3% CRUDE ASH Max. 11% CALCIUM Min. 0,8% PHOSPHORUS Min. 0,6% MOISTURE Max. 10% TAURINE 2.000 mg/kg ZINC 120 mg/kg Ingredients: Chicken meal, Sweet potato powder, Tapioca, Lentil, Chicken oil, Tuna meal, Beet pulp, Brewer's yeast, Flaxseed, Salt, Taurine, Rosemary oil, Psyllium, Blueberry, Beet, Broccoli, Parsley, Banana, Apple, Orange, Mango, Strawberry, DL-methionine, Chelated minerals (Iron (Fe), Copper (Cu), Zinc (Zn), Selenium (Se), Manganese (Mn), Cobalt (Co)), Potassium chloride, Vitamin supplements (Vitamin A, Vitamin D, Vitamin E, Vitamin K, Thiamin (B1), Riboflavin (B2), Pyridoxine (B6), Pantothenic acid, Biotin, Folic acid, Niacin, Cyanocobalamin (B12), Ascorbic acid (C)), Choline chloride, Mineral supplements (Iron (Fe), Copper (Cu), Zinc (Zn), Selenium (Se), Manganese (Mn), lodine (1), Cobalt (Co))",277000.00 IDR,in stock,new,https://shopee.co.id/product/262714770/49704104594,https://cf.shopee.co.id/file/id-11134207-8224y-mj2fh3acnbwi46,"https://cf.shopee.co.id/file/id-11134207-8224y-mj2fh3acoqgy8c,https://cf.shopee.co.id/file/id-11134207-8224y-mj2fh3acq51ebe,https://cf.shopee.co.id/file/id-11134207-8224w-mj2fh3acrjlu73,https://cf.shopee.co.id/file/id-11134207-8224s-mj2fh3acsy6a15",Therafeed,Pets > Pet Food > Cat Food
45551961750,Catsrang Adult 2kg Premium Dry Food Makanan Kucing Dewasa,"CATSRANG ADULT PREMIUM DRY FOOD Catsrang Adult adalah makanan kucing premium dari Korea Selatan yang ditujukan untuk kucing usia >12 bulan. Menggunakan bahan-bahan premium, dengan nutrisi yang lengkap dan seimbang untuk kucingmu. Dengan rasa ayam dan tuna yang lezat dan ukuran kibble yang pas! Diperkaya dengan Taurine, Omega 3 & 6, Propolis, Yucca Extract, serta sudah memiliki formula untuk Hairball Control & Urinary Care. Semua produk Catsrang sudah memiliki sertifikasi HACCP, ISO 9001, diformulasikan tanpa kandungan babi, dan bebas dari 9 bahan berbahaya. Keunggulan: 1. Dengan kandungan taurin yang tinggi, pakan ini mendukung kesehatan jantung dan mata pada kucing dewasa. 2. Ekstrak yucca membantu mengurangi bau kotoran kucing, jadi lebih nyaman untuk pemilik dan lingkungan rumah. 3. Propolis membantu menjaga kesehatan mulut, misalnya mencegah gangguan mulut atau bau mulut. 4. Formula hairball control: kandungan serat membantu mengurangi pembentukan bola bulu (hairball) dan membantu keluarnya hairball. 5. Urinary care: pakan ini mendukung kesehatan saluran kemih, kemungkinan dengan menjaga pH urin agar lebih seimbang (atau asam sedikit) 6. Juga ditambahkan Fructooligosakarida (FOS) untuk mendukung kesehatan usus / pencernaan 7. Bebas dari pewarna buatan, perasa buatan, dan pengawet sintetis 8. Sertifikasi kualitas (ISO 9001, HACCP) menunjukkan bahwa produksi dan kontrol kualitas cukup ketat. 9. Tidak mengandung babi Guaranteed Analysis CRUDE PROTEIN Min. 32% CRUDE FAT Min. 14% CRUDE FIBER Max. 3% CRUDE ASH Max. 10% CALCIUM Min. 0,8% PHOSPHORUS Min. 0,6% MOISTURE Max. 10% TAURINE 2.000 mg/kg LYSINE 16.000 mg/kg Ingredients : Chicken meal, Corn, Tuna meal, Chicken oil, Vegetable proteins, Beet pulp, Flaxseed, Brewer's yeast, Salt, L-lysine, DL-methionine, L-threonine, Taurine, Propolis, Fructooligosaccharide, Yucca extract, Chelated minerals (Iron (Fe), Copper (Cu), Zinc (Zn), Selenium (Se), Manganese (Mn), Cobalt (Co)), Natural antioxidants (Tocopherol a, b, y, 8, Rosemary oil), Vitamin supplements (Vitamin A, Vitamin D, Vitamin E, Vitamin K, Thiamin (B1), Riboflavin (B2), Pyridoxine (B6), Pantothenic acid (B5), Biotin (B8), Folic acid (89), Niacin (B3), Cyanocobalamin (B12), Ascorbic acid (C)), Choline chloride, Mineral supplements (Iron (Fe), Copper (Cu), Zinc (Zn), Selenium (Se), Manganese (Mn), lodine (1), Cobalt (Co)), Potassium chloride.",240000.00 IDR,in stock,new,https://shopee.co.id/product/262714770/45551961750,https://cf.shopee.co.id/file/id-11134207-8224w-mhd7xdlltxjc07,"https://cf.shopee.co.id/file/id-11134207-8224t-mhd7xdli7aq296,https://cf.shopee.co.id/file/id-11134207-8224o-mhddmsab203xe7,https://cf.shopee.co.id/file/id-11134207-8224r-mhddms93qtqme7,https://cf.shopee.co.id/file/id-11134207-8224z-mhddms9cu42016,https://cf.shopee.co.id/file/id-11134207-82250-mhddms9798ui7c,https://cf.shopee.co.id/file/id-11134207-8224o-mhd7xdlvjoy778,https://cf.shopee.co.id/file/id-11134207-82250-mhd7xdlvmi3309",Catsrang,Pets > Pet Food > Cat Food
45304104999,"Catsrang Smart Balance 1,2kg All Life Stages Dry Food Makanan Kucing Premium","CATSRANG SMART BALANCE ALL LIFE STAGES Apa itu Catsrang Smart Balance? Catsrang Smart Balance adalah makanan kucing kering premium yang dirancang dengan nutrisi lengkap dan seimbang untuk mendukung kebutuhan harian kucing. Produk ini berasal dari lini Catsrang Cat Food yang dibuat di Korea Selatan dan cocok diberikan untuk kucing dari berbagai umur (all life stages). Keunggulan: 1. All Life Stages (semua usia) – Aman dikonsumsi oleh kitten hingga kucing dewasa tanpa perlu ganti jenis pakan. 2. Nutrisi Lengkap & Seimbang – Dirancang memenuhi kebutuhan energi, protein, vitamin, dan mineral untuk kesehatan kucing sehari-hari. 3. Formulasi Premium – Diperkaya dengan taurine, Omega-3 & Omega-6, prebiotik, dan ekstrak Yucca yang mendukung pencernaan, kulit & bulu, serta fungsi tubuh yang optimal. 4. No Pork & Bebas Bahan Berbahaya – Tidak mengandung babi dan beberapa bahan kimia berbahaya, sehingga lebih aman untuk konsumsi jangka panjang. 5. Hairball Control & Urinary Support – Formula yang membantu mengurangi terbentuknya hairball sekaligus mendukung kesehatan saluran kemih. 6. Sertifikasi Internasional – Produk Catsrang memiliki sertifikasi ISO 9001 dan HACCP, menunjukkan standar kualitas dan keamanan tinggi pada proses produksi. 7. Juga ditambahkan Fructooligosakarida (FOS) untuk mendukung kesehatan usus / pencernaan Guaranteed Analysis: CRUDE PROTEIN Min. 30% CRUDE FAT Min. 10% CRUDE FIBER Max. 3,5% CRUDE ASH Max. 12% CALCIUM Min. 0,8% PHOSPHORUS Min. 0,6% MOISTURE Max. 10% TAURINE 2.000 mg/kg LYSINE 14.000 mg/kg Ingredients: Chicken meal, Vegetable proteins, Corn, Tuna meal, Chicken oil, Beet pulp, Flaxseed, Brewer's yeast, Salt, L-lysine, DL-methionine, L-threonine, Taurine, Yucca extract, Mannanoligosaccharide (MOS), Fructooligosaccharide (FOS), Natural antioxidants (Tocopherol a, B, Y, 8, Rosemary oil), Vitamin supplements (Vitamin A, Vitamin D, Vitamin E, Vitamin K1, Thiamin (B1), Riboflavin (B2), Pyridoxine (B6), Pantothenic acid (B5), Biotin (B8), Folic acid (B9), Niacin (B3), Cyanocobalamin (B12), Ascorbic acid (C)), Choline Chloride, Chelated minerals (Iron (Fe), Copper (Cu), Zinc (Zn), Selenium (Se), Manganese (Mn), lodine (1)), Mineral supplements (Iron (Fe), Copper (Cu), Zinc (Zn), Selenium (Se), Manganese (Mn), lodine (1), Cobalt (Co)), Potassium chloride",95000.00 IDR,in stock,new,https://shopee.co.id/product/262714770/45304104999,https://cf.shopee.co.id/file/id-11134207-8224u-mj2i1n3h58n99f,"https://cf.shopee.co.id/file/id-11134207-8224z-mj2fh3acucqq68,https://cf.shopee.co.id/file/id-11134207-8224o-mj2i1n3m3mro64,https://cf.shopee.co.id/file/id-11134207-8224y-mj2i1n3hni0yb8,https://cf.shopee.co.id/file/id-11134207-8224z-mj2i1n3howle1f",Catsrang,Pets > Pet Food > Cat Food
45051971970,Catsrang All Life Stages 3kg Premium Dry Food Makanan Kucing Adult dan Kitten,"CATSRANG ALL LIFE STAGES PREMIUM DRY FOOD Catsrang All Stages adalah makanan kucing premium dari Korea Selatan yang ditujukan untuk kucing semua usia. Menggunakan bahan-bahan premium, dengan nutrisi yang lengkap dan seimbang untuk kucingmu. Dengan rasa ayam dan tuna yang lezat dan ukuran kibble yang pas! Diperkaya dengan Taurine, Omega 3 &6, Propolis, Yucca Extract, serta sudah memiliki formula untuk Hairball Control & Urinary Care. Semua produk Catsrang sudah memiliki sertifikasi HACCP, ISO 9001, diformulasikan tanpa kandungan babi, dan bebas dari 9 bahan berbahaya. Keunggulan: 1. Dengan kandungan taurin yang tinggi, pakan ini mendukung kesehatan jantung dan mata 2. Ekstrak yucca membantu mengurangi bau kotoran kucing, jadi lebih nyaman untuk pemilik dan lingkungan rumah. 3. Propolis membantu menjaga kesehatan mulut, misalnya mencegah gangguan mulut atau bau mulut. 4. Formula hairball control: kandungan serat membantu mengurangi pembentukan bola bulu (hairball) dan membantu keluarnya hairball. 5. Urinary care: pakan ini mendukung kesehatan saluran kemih, kemungkinan dengan menjaga pH urin agar lebih seimbang (atau asam sedikit) 6. Juga ditambahkan Fructooligosakarida (FOS) untuk mendukung kesehatan usus / pencernaan 7. Bebas dari pewarna buatan, perasa buatan, dan pengawet sintetis 8. Sertifikasi kualitas (ISO 9001, HACCP) menunjukkan bahwa produksi dan kontrol kualitas cukup ketat. 9. Tidak mengandung babi 10. Karena “All Life Stages”, kamu bisa memberi pakan ini untuk berbagai umur kucing (kitten maupun dewasa) tanpa harus ganti jenis pakan. Guaranteed Analysis CRUDE PROTEIN Min. 31% CRUDE FAT Min. 11% CRUDE FIBER Max. 3,5% CRUDE ASH Max. 12% CALCIUM Min. 0,8% PHOSPHORUS Min. 0,6% MOISTURE Max. 10% TAURINE 2.000 mg/kg LYSINE 18.000 mg/kg Ingredients: Chicken meal, Vegetable proteins, Corn, Tuna meal, Chicken oil, Beet pulp, Flaxseed, Brewer's yeast, Salt, L-lysine, DL-methionine, L-threonine, Taurine, Yucca extract, Mannanoligosaccharide (MOS), Fructooligosaccharide (FOS), Natural antioxidants (Tocopherol a, B, Y, 8, Rosemary oil), Vitamin supplements (Vitamin A, Vitamin D, Vitamin E, Vitamin K1, Thiamin (B1), Riboflavin (B2), Pyridoxine (B6), Pantothenic acid (B5), Biotin (B8), Folic acid (B9), Niacin (B3), Cyanocobalamin (B12), Ascorbic acid (C)), Choline Chloride, Chelated minerals (Iron (Fe), Copper (Cu), Zinc (Zn), Selenium (Se), Manganese (Mn), lodine (1)), Mineral supplements (Iron (Fe), Copper (Cu), Zinc (Zn), Selenium (Se), Manganese (Mn), lodine (1), Cobalt (Co)), Potassium chloride.",277000.00 IDR,in stock,new,https://shopee.co.id/product/262714770/45051971970,https://cf.shopee.co.id/file/id-11134207-8224t-mhdauajb5bf003,"https://cf.shopee.co.id/file/id-11134207-8224p-mhdauajhfguh3a,https://cf.shopee.co.id/file/id-11134207-8224p-mhdauajifzm613,https://cf.shopee.co.id/file/id-11134207-8224z-mhdauajid6hacb,https://cf.shopee.co.id/file/id-11134207-82252-mhdauajihe6m72,https://cf.shopee.co.id/file/id-11134207-8224u-mhdauajillvyfa,https://cf.shopee.co.id/file/id-11134207-82250-mhdauajin0ge3e,https://cf.shopee.co.id/file/id-11134207-8224o-mhdauajiadce26,https://cf.shopee.co.id/file/id-11134207-8224t-mhdauajibrwuf3",Catsrang,Pets > Pet Food > Cat Food
43408356386,Biolite Adult Tuna Premium Cat Food Dry Food Makanan Kucing Dewasa,"BIOLITE ADULT TUNA PREMIUM CAT FOOD Apa itu Biolite Adult Tuna? Biolite Adult Tuna adalah varian makanan kering premium dari Biolite yang diformulasikan khusus untuk kucing dewasa. Berfokus pada protein dari tuna, makanan ini ditujukan untuk mendukung kesehatan saluran kemih, pencernaan, kulit & bulu, serta imunitas tubuh. Biolite Adult Tuna menyediakan rangkaian nutrisi lengkap dan 5 manfaat kesehatan: 1. Supports Immunity System – diperkaya vitamin & mineral 2. Healthy Vision - Penglihatan yang Sehat 3. Strong Bones – Tulang yang Kuat 4. Healthy Skin & Coat – Kulit dan Bulu yang Sehat dan Berkilau 5. Omega 3, Omega 6, and Zinc Kandungan Nutrisi: CRUDE PROTEIN ≥ 30% CRUDE FAT ≥ 10% CRUDE ASH ≤ 10% CRUDE FIBER ≤ 5 % CALCIUM ≥ 1% MOISTURE ≤ 10% PHOSPHORUS ≥ 0,8% TAURINE ≥ 0,1% SOLUBLE CHLORIDE ≥ 0,3% PORK FREE COMPOSITION: Raw Material Composition: Tuna 35%, Egg White 15%, Cor, wheat, Soybean, Rice, Maize, Cranberry Extract, Yucca Schidicgera, ETC. Additive Composition: Vitamin A (Acetate), Vitamin D3, Vitamin E (DL-A-Tocopherol Acetate), Taurine, Vitamin B1 (Thiamine Nitrate), Vitamin B2 (Riboflavin), Vitamin K3 (Sodium Bisulfite), Vitamin B6 (Pridoxine Hydrochloride), Vitamin B12 (Cyancobalamin), Copper (Copper Sulfate, Pentahydrate) 3,0mg, Zinc (Zinc Sulfate, Solvic Acid, Iron Sulfate) 40,0mg, Manganese (Manganous Sulfate, Monohydrate) 15,0mg, Lodine (Calcium Pantothenate, Carbonate, Hydrogen) 1,0mg, Selenium (Sodium Selenite, Chloride) 0,2mg.",137088.00 IDR,in stock,new,https://shopee.co.id/product/262714770/43408356386,https://cf.shopee.co.id/file/id-11134207-7ra0o-mc4olapx0jxeda,"https://cf.shopee.co.id/file/id-11134207-7ra0i-mc4olapwz5cy89,https://cf.shopee.co.id/file/id-11134207-7ra0j-mc4olapx1yhuac,https://cf.shopee.co.id/file/id-11134207-7ra0u-mcd6kzvwb1s53f",Biolite,Pets > Pet Food > Cat Food
43277850243,Profender Spot-On Medium Cat Obat Cacing Kucing Tetes Original Elanco,"PROFENDER SPOT-ON MEDIUM *Original Product by ELANCO PROFENDER® Spot-On Medium adalah obat cacing topikal untuk kucing yang efektif dan mudah digunakan. Produk ini diformulasikan khusus untuk membantu mengobati dan mengendalikan infeksi cacing pada kucing tanpa perlu pemberian obat dalam bentuk pil, sehingga mengurangi stres pada kucing maupun pemiliknya. PROFENDER® Spot-On Medium bekerja dengan cara diaplikasikan langsung ke kulit kucing. Bahan aktifnya akan diserap melalui kulit dan bekerja di saluran pencernaan untuk membunuh serta menghilangkan berbagai jenis cacing internal, termasuk cacing pita, cacing gelang, dan cacing tambang. Produk ini cocok digunakan untuk kucing dengan berat badan >2,5kg - 5kg. Cukup dengan satu kali aplikasi topikal, PROFENDER® memberikan perlindungan yang efektif dan praktis. Keunggulan PROFENDER® Spot-On Medium: 1. Mengobati cacing pita, cacing gelang, dan cacing tambang 2. Aplikasi topikal, mudah dan praktis 3. Tidak perlu obat oral/pil 4. Mengurangi stres pada kucing Bahan aktif: Emodepside, Praziquantel Digunakan sesuai rekomendasi dokter hewan",124082.00 IDR,in stock,new,https://shopee.co.id/product/262714770/43277850243,https://cf.shopee.co.id/file/id-11134207-8224v-mj6hs747exhcf7,"https://cf.shopee.co.id/file/id-11134207-8224s-mj6hs743igp115,https://cf.shopee.co.id/file/id-11134207-8224y-mj6hs72p0ttx9f,https://cf.shopee.co.id/file/id-11134207-8224p-mj6hs747gc1s17,https://cf.shopee.co.id/file/id-11134207-82250-mj6hs731gwzrcd,https://cf.shopee.co.id/file/id-11134207-8224y-mj6hs747diww02",Profender,Pets > Pet Healthcare > Medication
43252875817,Life Cat Tofu Cat Litter - Pasir Tofu Kucing Gumpal 7L,"LIFE CAT TOFU CAT LITTER 7L PASIR TOFU KUCING Brand : Life Cat Made of : TOFU/TAHU/SOYA Volume : 7 Liter Terbuat dari 100% kedelai NATURAL yang dapat menggumpal dengan cepat dan tidak mengandung bahan yang berbahaya untuk kucing. Selain itu, Life cat tofu soya juga bisa langsung dibersihkan dengan disiram ke dalam toilet. AMAN digunakan untuk semua jenis kucing dan untuk PEMILIK KUCING sendiri. Feature : 1. Menggumpal dengan BAIK &CEPAT 2. Bisa langsung diflush ke Toilet 3. Bebas Debu 4. 100% Ramah Lingkungan 5. Ringan dan mudah untuk discoop atau dibersihkan 6. Tidak ada bahan berbahaya 7. Aman untuk kucing segala usia 8. Cocok digunakan oleh penghuni Apartment karena tinggal dibuang di kamar mandi 9. Lebih HEMAT penggunaanya Varian Aroma : - Sweet bubble gum - Mango Smoothies - Macchiato Boba - Matcha",73699.00 IDR,in stock,new,https://shopee.co.id/product/262714770/43252875817,https://cf.shopee.co.id/file/id-11134207-7rbk9-magpj6l66lbs86,"https://cf.shopee.co.id/file/sg-11134201-7rat4-magni2hxxco212,https://cf.shopee.co.id/file/sg-11134201-7rav9-magni2he0yk3e0,https://cf.shopee.co.id/file/sg-11134201-7ravj-magni2jlwcqeab,https://cf.shopee.co.id/file/sg-11134201-7rauc-magni2he0z1ea5,https://cf.shopee.co.id/file/sg-11134201-7rava-magni2hdy72p67",Life Cat,Pets > Litter & Toilet > Others
41158258802,Biolite Prime Kitten Premium Cat Food Dry Food Makanan Kucing Kitten,"BIOLITE PRIME KITTEN PREMIUM CAT FOOD FOR KITTEN Apa itu Biolite Prime Kitten? BioLite Prime Kitten adalah makanan kering premium yang dirancang khusus untuk anak kucing, dengan nutrisi lengkap agar tumbuh dengan sehat, aktif, dan memiliki sistem imun yang optimal. Produk ini memberi solusi lengkap untuk tumbuh kembang anak kucing melalui formulasi ahli yang mendukung hampir seluruh aspek kesehatan dari imun hingga bulu dan saluran pencernaan. Kombinasi harga yang relatif terjangkau dengan klaim nutrisi tinggi menjadikannya pilihan yang menarik bagi pemilik yang peduli kualitas pakan. Biolite Prime menyediakan rangkaian nutrisi lengkap dan 10 manfaat kesehatan: 1. Urinary Tract Health – mendukung saluran kemih. 2. Digestive Health – mengandung prebiotik untuk pencernaan yang sehat. 3. Anti Hairball – membantu mencegah bola rambut. 4. High Quality Protein – ideal untuk kebutuhan otot. 5. Dental Health – tekstur kerenyahan mendukung kebersihan gigi. 6. Supports Immunity System – diperkaya vitamin & mineral. 7. Healthy Vision - Penglihatan yang Sehat 8. Strong Bones – Tulang yang Kuat 9. Healthy Skin & Coat – Kulit dan Bulu yang Sehat dan Berkilau 10. Omega 3, Omega 6, and Zinc Kandungan Nutrisi: CRUDE PROTEIN ≥ 32% CRUDE FAT ≥ 18% CRUDE ASH ≤ 10% CRUDE FIBER ≤ 5 % CALCIUM ≥ 1% MOISTURE ≤ 10% PHOSPHORUS ≥ 0,8% TAURINE ≥ 0,1% SOLUBLE CHLORIDE ≥ 0,3% PORK FREE COMPOSITION: Raw Material Composition: Chicken 35%, Egg White 20%, Corn, Wheat, Soybean, Enzymatic Chicken Liver, Chicken Fat, Beetroot Flesh, Hydrolyzed Chicken Liver Powder, Rice, Maize, Cranberry Extract, Yucca Schidigera Extract, ETC. Additive Composition : Vitamin A (Acetate), Vitamin D3, Vitamin E (DL-A-Tocopherol Acetate), Taurine, Vitamin B1 (Thiamine Nitrate). Vitamin B2 (Riboflavin), Vitamin K3 (Sodium Bisulfite), Vitamin B6 (Pridoxine Hydrochloride), Vitamin B12 (Cyancobalamin), Copper (Copper Sulfate, Pentahydrate) 4,5mg, Zinc (Zinc Sulfate, Solvic Acid, Iron Sulfate) 55,0mg, Manganese (Manganous Sulfate. Monohydrate) 14,5mg, Lodine (Calcium Pantothenate, Carbonate, Hydrogen) 1,5mg, Selenium (Sodium Selenite, Chloride) 0.2mg.",183331.00 IDR,in stock,new,https://shopee.co.id/product/262714770/41158258802,https://cf.shopee.co.id/file/id-11134207-7ra0s-mc375o5n6hired,"https://cf.shopee.co.id/file/id-11134207-7ra0m-mc375o5n52ybbf,https://cf.shopee.co.id/file/id-11134207-7ra0r-mc375o5n3odv7a,https://cf.shopee.co.id/file/id-11134207-7ra0n-mc375o5n29tf68",Biolite,Pets > Pet Food > Cat Food
41151001760,Kaniva Wet Food Pouch 70gr x 6 Pouch Makanan Basah Kucing,"KANIVA WET FOOD POUCH 70GR FOR ALL STAGE PROMO PAKET BUNDLING 6 pcs Makanan basah untuk kucing kitten & adult dengan tambahan bola jeli vitamin. Mengandung salmon oil yang kaya akan vitamin esensial B6, B3, & B9 untuk melengkapi kebutuhan nutrisinya. Terbuat dari bahan utama daging tuna segar terbaik dan daging salmon pilihan. Sangat bagus untuk: - membantu menstimulasi perkembangan otak - menjaga kesehatan kulit dan bulu tampak berkilau - membentuk daya tahan tubuh - taurine Komposisi: - Mengandung salmon oil & evening primrose oil untuk Kesehatan kulit dan bulu tampak berkilau - Kaya akan vitamin esensial B3, B6 & B9 untuk menstimulasi perkembangan otak - Tidak mengandung gandum - Tidak mengandung jagung - Rendah sodium Crude Protein 11-14% Crude Fat 0,10-0,30% Crude Fiber 1% Moisture 84-88% Kaniva telah memenuhi standar AAFCO, pork free dan telah tersertifikasi Halal Made in Thailand",93138.00 IDR,in stock,new,https://shopee.co.id/product/262714770/41151001760,https://cf.shopee.co.id/file/id-11134207-7rbk3-m9skvsfahpo0da,"https://cf.shopee.co.id/file/id-11134207-7rbkc-m9skvsfaj48ge4,https://cf.shopee.co.id/file/id-11134207-7rbkb-m9skvsfakiswf3,https://cf.shopee.co.id/file/id-11134207-7rbkd-m9skvsfalxdc63",Kaniva,Pets > Pet Food > Cat Food
41101206330,Kaniva Wet Food Pouch in Steamed Egg 70gr Makanan Basah Kucing,"KANIVA WET FOOD POUCH IN STEAMED EGG 70GR FOR ALL STAGE (KITTEN & ADULT) Makanan basah untuk kucing dengan tambahan steamed egg. Terbuat dari bahan utama daging segar terbaik dan telur. Rasa lebih lezat dengan tambahan sup katsuobushi. Sangat bagus untuk: - membantu menstimulasi perkembangan otak - menjaga kesehatan kulit dan bulu tampak berkilau - membentuk daya tahan tubuh - mendukung kesehatan mata dan jantung Keunggulan: - Mengandung omega 3 & 6 dari salmon oil & evening primrose oil untuk kesehatan kulit dan bulu tampak berkilau - Tinggi protein dan rendah karbohidrat - Rendah sodium, tanpa garam tambahan - Tidak mengandung gandum - Tidak mengandung 3 Varian Rasa: 1. Tuna in Steamed Egg 2. Lamb in Steamed Egg 3. Chicken in Steamed Egg Protein min: 13.0% - 14.0% Fat min: 1.0% Fiber max: 1.0% Moisture max: 83.0% Komposisi : 1. Tuna in Steamed Egg: Tuna white meat, eggs, tuna extract, katsuobushi 2. Chicken in Steamed Egg: Chicken meat, eggs, tuna extract, katsuobushi 3. Lamb in Steamed Egg: Tuna white meat, Deboned lamb meat, deboned chicken meat, katsuobushi, tuna extract, chicken meat modified tapioca starch, sodium tripolyphosphate, coloring agent Kaniva telah memenuhi standar AAFCO, pork free dan telah tersertifikasi Halal Kaniva Made in Thailand",17126.00 IDR,in stock,new,https://shopee.co.id/product/262714770/41101206330,https://cf.shopee.co.id/file/id-11134207-7rbk9-m9v3j2lvecjf04,"https://cf.shopee.co.id/file/id-11134207-7rbk2-m9top7ywyal9bc,https://cf.shopee.co.id/file/id-11134207-7rbk9-m9v3j2lvjyt779,https://cf.shopee.co.id/file/id-11134207-7rbkc-m9v3j2lvfr3v08,https://cf.shopee.co.id/file/id-11134207-7rbk3-m9v3j2lvh5ob8f,https://cf.shopee.co.id/file/id-11134207-7rbk3-m9v3j2lvik8rc7",Kaniva,Pets > Pet Food > Cat Food
40876674883,Catsrang Kitten 2kg Premium Dry Food Makanan Kucing Kitten,"CATSRANG KITTEN PREMIUM DRY FOOD Catsrang Kitten adalah makanan kucing kering premium dari Korea Selatan dengan formula lengkap dan seimbang untuk semua ras kucing usia 2 hingga 12 bulan. Mengandung protein 34% dan lemak 18%, nutrisi, vitamin, dan mineral yang jauh lebih lengkap untuk memenuhi kebutuhan kucing Anda. Semua produk Catsrang sudah memiliki sertifikasi HACCP, ISO 9001, diformulasikan tanpa kandungan babi, dan bebas dari 9 bahan berbahaya. Keunggulan: 1. Protein Tinggi: Dengan protein mentah sekitar 34%, pakan ini dirancang untuk mendukung pertumbuhan jaringan tubuh anak kucing. 2. Lemak Cukup Tinggi: Lemak minimal 18% memberi energi yang cukup tinggi, sangat penting untuk pertumbuhan anak kucing yang aktif. 3. Taurine & Vitamin: untuk mendukung kesehatan jantung, mata, dan sistem metabolisme anak kucing. 4. Mudah Dicerna dan diserap, sangat baik untuk saluran pencernaan anak kucing. 5. Ekstrak yucca membantu mengurangi bau kotoran kucing, jadi lebih nyaman untuk pemilik dan lingkungan rumah. 6. Propolis membantu menjaga kesehatan mulut, misalnya mencegah gangguan mulut atau bau mulut. 7. Juga ditambahkan Fructooligosakarida (FOS) untuk mendukung kesehatan usus / pencernaan 8. Aroma dan Rasa Favorit Kucing 9. Tidak Mengandung Pengawet buatan 10. Tidak mengandung babi 11. Kualitas Produksi Baik: Sertifikasi ISO & HACCP menunjukkan kontrol kualitas produksi yang cukup ketat. Guaranteed Analysis CRUDE PROTEIN Min. 34% CRUDE FAT Min. 18% CRUDE FIBER Max. 3% CRUDE ASH Max. 10% CALCIUM Min. 0,8% PHOSPHORUS Min. 0,6% MOISTURE Max. 10% TAURINE 2.000 mg/kg LYSINE 18.000 mg/kg Ingredients : Chicken meal, Corn, Tuna meal, Chicken oil, Vegetable proteins, Beet pulp, Flaxseed, Brewer's yeast, Salt, L-lysine, DL-methionine, L-threonine, Taurine, Propolis, Fructooligosaccharide, Yucca extract, Chelated minerals (Iron (Fe), Copper (Cu), Zinc (Zn), Selenium (Se), Manganese (Mn), Cobalt (Co)), Natural antioxidants (Tocopherol a, B, Y, 8, Rosemary oil), Vitamin supplements (Vitamin A, Vitamin D, Vitamin E, Vitamin K, Thiamin (B1), Riboflavin (B2), Pyridoxine (B6), Pantothenic acid (B5), Biotin (B8), Folic acid (B9), Niacin (B3), Cyanocobalamin (B12), Ascorbic acid (C)), Choline chloride, Mineral supplements (Iron (Fe), Copper (Cu), Zinc (Zn), Selenium (Se), Manganese (Mn), lodine (1), Cobalt (Co)), Potassium chloride",250000.00 IDR,in stock,new,https://shopee.co.id/product/262714770/40876674883,https://cf.shopee.co.id/file/id-11134207-8224x-mhd7xdlvpb7z0c,"https://cf.shopee.co.id/file/id-11134207-82250-mhd7xdlvs4cv77,https://cf.shopee.co.id/file/id-11134207-8224t-mhddmsal77rh23,https://cf.shopee.co.id/file/id-11134207-82251-mhddmsal5t716b,https://cf.shopee.co.id/file/id-11134207-8224t-mhddmsal4emlf4,https://cf.shopee.co.id/file/id-11134207-8224w-mhddmsal30258d,https://cf.shopee.co.id/file/id-11134207-8224q-mhd7xdlvuxhr88,https://cf.shopee.co.id/file/id-11134207-8224r-mhd7xdlvwc27da",Catsrang,Pets > Pet Food > Cat Food
40808357010,Biolite Kitten Dry Food Premium Cat Food,"BIOLITE KITTEN PREMIUM CAT FOOD FOR KITTEN Apa itu Biolite Kitten? Biolite Kitten adalah makanan kucing kering premium yang diformulasikan khusus untuk memenuhi kebutuhan nutrisi anak kucing usia 1 hingga 12 bulan. Dirancang dengan kandungan gizi lengkap dan seimbang, Biolite Kitten mendukung pertumbuhan yang sehat, perkembangan otak, kekebalan tubuh, serta kesehatan tulang dan bulu sejak dini. Biolite Kitten menyediakan rangkaian nutrisi lengkap dan 5 manfaat kesehatan: 1. Supports Immunity System – diperkaya vitamin & mineral 2. Healthy Vision - Penglihatan yang Sehat 3. Strong Bones – Tulang yang Kuat 4. Healthy Skin & Coat – Kulit dan Bulu yang Sehat dan Berkilau 5. Omega 3, Omega 6, and Zinc Kandungan Nutrisi: CRUDE PROTEIN ≥ 32% CRUDE FAT ≥ 12% CRUDE ASH ≤ 10% CRUDE FIBER ≤ 5 % CALCIUM ≥ 1% MOISTURE ≤ 10% PHOSPHORUS ≥ 0,8% TAURINE ≥ 0,1% SOLUBLE CHLORIDE ≥ 0,3% PORK FREE COMPOSITION Raw Material Composition: Salmon 15%, Krill 8%, Tuna 12%, Egg White 10%, Corn, Wheat, Soybean, Rice, Maize, Cranberry Extract, Yucca Schidigera Extract, ETC. Additive Composition: Vitamin A (Acetate), Vitamin D3, Vitamin E (DL-A-Tocopherol Acetate), Taurine, Vitamin B1 (Thiamine Nitrate). Vitamin B2 (Riboflavin), Vitamin K3 (Sodium Bisulfite), Vitamin B6 (Pridoxine Hydrochloride), Vitamin B12 (Cyancobalamin), Copper (Copper Sulfate, Pentahydrate) 3,0mg, Zinc (Zinc Sulfate, Solvic Acid, Iron Sulfate) 40,0mg, Manganese (Manganous Sulfate, Monohydrate) 15,0mg, Lodine (Calcium Pantothenate, Carbonate Hydrogen) 1,0mg, Selenium (Sodium Selenite, Chloride) 0.2mg",142868.00 IDR,in stock,new,https://shopee.co.id/product/262714770/40808357010,https://cf.shopee.co.id/file/id-11134207-7ra0p-mc4olapx4rmqc8,"https://cf.shopee.co.id/file/id-11134207-7ra0h-mc4olapx3d2af9,https://cf.shopee.co.id/file/id-11134207-7ra0h-mc4olapx6676d8",Biolite,Pets > Pet Food > Cat Food
40808174538,Biolite Prime Adult Premium Cat Food Dry Food Makanan Kucing Dewasa,"BIOLITE PRIME ADULT PREMIUM CAT FOOD Apa itu Biolite Prime Adult? Biolite Prime merupakan makanan kering (dry food) premium untuk kucing dewasa, dengan formula seimbang untuk mendukung kesehatan dan vitalitas kucing peliharaan. Biolite Prime menyediakan rangkaian nutrisi lengkap dan 10 manfaat kesehatan: 1. Urinary Tract Health – mendukung saluran kemih. 2. Digestive Health – mengandung prebiotik untuk pencernaan yang sehat. 3. Anti Hairball – membantu mencegah bola rambut. 4. High Quality Protein – ideal untuk kebutuhan otot. 5. Dental Health – tekstur kerenyahan mendukung kebersihan gigi. 6. Supports Immunity System – diperkaya vitamin & mineral. 7. Healthy Vision - Penglihatan yang Sehat 8. Strong Bones – Tulang yang Kuat 9. Healthy Skin & Coat – Kulit dan Bulu yang Sehat dan Berkilau 10. Omega 3, Omega 6, and Zinc Kandungan Nutrisi: CRUDE PROTEIN ≥ 30% CRUDE FAT ≥ 15% CRUDE ASH ≤ 10% CRUDE FIBER ≤ 5 % CALCIUM ≥ 1% MOISTURE ≤ 10% PHOSPHORUS ≥ 0,8% TAURINE ≥ 0,1% SOLUBLE CHLORIDE ≥ 0,3% PORK FREE COMPOSITION Raw Material Composition: Chicken 35%, Egg White 20%, Corn, Wheat, Soybean, Enzymatic Chicken Liver, Chicken Fat, Beetroot Flesh, Hydrolyzed Chicken Liver Powder, Rice, Maize, Cranberry Extract, Yucca Schidigera Extract, ETC. Additive Composition : Vitamin A (Acetate), Vitamin D3, Vitamin E (DL-A-Tocopherol Acetate), Taurine, Vitamin B1 (Thiamine Nitrate), Vitamin B2 (Riboflavin), Vitamin K3 (Sodium Bisulfite), Vitamin B6 (Pridoxine Hydrochloride), Vitamin B12 (Cyancobalamin), Copper (Copper Sulfate, Pentahydrate) 4,5mg, Zinc (Zinc Sulfate, Solvic Acid, Iron Sulfate) 55,0mg, Manganese (Manganous Sulfate, Monohydrate) 14,5mg, Lodine (Calcium Pantothenate, Carbonate, Hydrogen) 1,5mg, Selenium (Sodium Selenite, Chloride) 0,2mg.",177551.00 IDR,in stock,new,https://shopee.co.id/product/262714770/40808174538,https://cf.shopee.co.id/file/id-11134207-7ra0n-mc1zxztograx81,"https://cf.shopee.co.id/file/id-11134207-7ra0u-mc1zxztojkft2f,https://cf.shopee.co.id/file/id-11134207-7ra0g-mc1zxztoi5vd31,https://cf.shopee.co.id/file/id-11134207-7ra0o-mc1zxztokz095e,https://cf.shopee.co.id/file/id-11134207-7ra0u-mcd6kzvwb1s53f",Biolite,Pets > Pet Food > Cat Food
40658352401,Biolite Adult Salmon Premium Cat Food Dry Food Makanan Kucing Dewasa,"BIOLITE ADULT SALMON PREMIUM CAT FOOD FOR ADULT Apa itu Biolite Adult Salmon? Biolite Adult Salmon adalah makanan kering premium untuk kucing dewasa dengan kandungan utama salmon sebagai protein hewani berkualitas. Varian ini didesain lengkap untuk mendukung tumbuh sehat, pencernaan baik, dan daya tahan tubuh optimal. Biolite Adult Salmon menyediakan rangkaian nutrisi lengkap dan 5 manfaat kesehatan: 1. Supports Immunity System – diperkaya vitamin & mineral 2. Healthy Vision - Penglihatan yang Sehat 3. Strong Bones – Tulang yang Kuat 4. Healthy Skin & Coat – Kulit dan Bulu yang Sehat dan Berkilau 5. Omega 3, Omega 6, and Zinc Kandungan Nutrisi: CRUDE PROTEIN ≥ 30% CRUDE FAT ≥ 10% CRUDE ASH ≤ 10% CRUDE FIBER ≤ 5 % CALCIUM ≥ 1% MOISTURE ≤ 10% PHOSPHORUS ≥ 0,8% TAURINE ≥ 0,1% SOLUBLE CHLORIDE ≥ 0,3% PORK FREE COMPOSITION: Raw Material Composition: Salmon 35%, Egg White 15%, Corn, Wheat, Soybean, Rice, Maize, Cranberry Extract, Yucca Schidigera Extract, ETC. Additive Composition: Vitamin A (Acetate), Vitamin D3, Vitamin E (DL-A-Tocopherol Acetate), Taurine, Vitamin B1 (Thiamine Nitrate), Vitamin B2 (Riboflavin), Vitamin K3 (Sodium Bisulfite), Vitamin B6 (Pridoxine Hydrochloride), Vitamin B12 (Cyancobalamin), Copper (Copper Sulfate, Pentahydrate) 3,0mg, Zinc (Zinc Sulfate, Solvic Acid, Iron Sulfate) 40,0mg, Manganese (Manganous Sulfate, Monohydrate) 15,0mg, Lodine (Calcium Pantothenate, Carbonate, Hydrogen) 1,0mg, Selenium (Sodium Selenite, Chloride) 0,2mg.",137088.00 IDR,in stock,new,https://shopee.co.id/product/262714770/40658352401,https://cf.shopee.co.id/file/id-11134207-7ra0t-mc4olapwxqfz4d,"https://cf.shopee.co.id/file/id-11134207-7ra0m-mc4olapwz5fd02,https://cf.shopee.co.id/file/id-11134207-7ra0g-mc4olapwxqsi7d,https://cf.shopee.co.id/file/id-11134207-7ra0u-mcd6kzvwb1s53f",Biolite,Pets > Pet Food > Cat Food
29873682292,Haipet Tofu Cat Litter/Pasir Tofu Gumpal Kucing 6L,HAIPET NATURAL TOFU CAT LITTER PREMIUM 6L Pasir Kucing Gumpal Tofu/Soya Brand : HAIPET Made Of : Tofu/Tahu/Soya Volume : 6 Litter Size : 2mm Aroma : -Watermelon -Rainbow Cake -Mango -Chese -Blueberry -Bubble Gum Feature : -Menggumpal Dengan Baik &amp; Cepat -Bisa Langsung DiFlush Ke toilet -Tersedia Dalam Beberapa Aroma -Lebih Sehat Untuk Kucing Arthameow -100% Ramah Lingkungan -Ringan &amp; Mudah Untuk Discoop -Tidak ada Bahan Berbahaya -Aman untuk Kucing -Tidak Lengket Pada Litter Box -Higienis -Pasir Kucing Organik Cocok digunakan pada segala jenis kucing Cocok digunakan oleh penghuni Apartment karena tinggal dibuang di kamar mandi Lebih HEMAT penggunaanya jika dibandingkan dengan jenis pasir gumpal lainnya,72471.00 IDR,in stock,new,https://shopee.co.id/product/262714770/29873682292,https://cf.shopee.co.id/file/id-11134207-7rasb-m52ldoaxctlff6,"https://cf.shopee.co.id/file/sg-11134201-7ra2h-m52o7gf7czh3d8,https://cf.shopee.co.id/file/sg-11134201-7ra3o-m52o7ggl9lhza1,https://cf.shopee.co.id/file/sg-11134201-7ra35-m52o7gf7czmz1d,https://cf.shopee.co.id/file/sg-11134201-7ra3t-m52o7gf7fsrv2e,https://cf.shopee.co.id/file/sg-11134201-7ra1k-m52o7gf7bkw09c,https://cf.shopee.co.id/file/sg-11134201-7ra0t-m52o7ggval3sbb",Haipet,Pets > Litter & Toilet > Others
29775889546,"Kaniva Chicken, Tuna and Rice Dry Food For All Ages Makanan Kucing","KANIVA CHICKEN, TUNA & RICE DRY FOOD CAT FOOD FOR ALL AGES Makanan kering untuk kucing segala usia, mulai dari kitten hingga Dewasa (Adult). Dengan ukuran kibble 0,7 – 0,9 cm, sehingga mudah dikonsumsi kucing. Diformulasikan khusus dari daging ayam pilihan terbaik untuk kesehatan, meningkatkan pertumbuhan, dan menstimulasi pembentukan otot. Minyak salmon dan minyak Evening Primrose - kombinasi omega 3 dan 6, vitamin, mineral, dan nutrisi penting akan semakin menjaga kesehatan dan kebugaran kucing Anda secara keseluruhan. KEUNGGULAN: ✅ Mengandung salmon oil & evening primrose oil - Minyak Salmon: Kaya Omega-3 meningkatkan kesehatan kulit dan bulu, mengurangi pembengkakan dan peradangan secara keseluruhan. - Evening Primrose Oil: Kaya Omega-6, bermanfaat bagi hewan peliharaan dengan bulu kering dan kusam, serta kulit kering dan bersisik. ✅ Membantu memberikan kulit yang sehat dan bulu yang berkilau ✅ Mencegah hairball ✅ Tidak mengandung gandum dan jagung Nilai gizi: Protein min. 30% Fat min. 17% Fiber max. 5.5% Moisture max. 8.5% Taurine min. 0.10% Key Ingredients: Chicken, Tuna, Rice Nutrition: Chicken meal, Rice, Soy bean meal, Tapioca flour, Fish meal, Sun flower oil, Tuna meal, Tallow, Digested animal protein, Palm Stearin, Canola oil, Edible fiber (Cellulose fiber), Salmon oil, Essential vitamins supplement (Vitamin A, Vitamin D3, Vitamin E, Vitamin C, Nicotinic acid, Vitamin B1, Vitamin B6, Pantothenic acid, Vitamin B2, Vitamin K3, Folic acid, Biotin, Vitamin B12) Essential trace minerals supplement (Iron, Zinc, Copper, Manganese, Iodine, Selenium), Salt, Whole egg powder, Choline Chloride, Psyllium seed husk, Dicalcium phosphate, Lecithin, Methionine, Taurine, Mannan oligosaccharide, L-Lysine, L-Tyrosine, Evening primrose oil, Enzyme, Preservative agent (Propionic acid), Hydrated sodium calcium aluminum silicate and Esterified glucomannan, Shark cartilage powder, Yucca Schidigera extract. KANIVA made in Thailand",52267.00 IDR,in stock,new,https://shopee.co.id/product/262714770/29775889546,https://cf.shopee.co.id/file/id-11134207-7ras8-m64y0qj0h5omf0,"https://cf.shopee.co.id/file/id-11134207-7ras8-m64y0qj0h5p2ed,https://cf.shopee.co.id/file/id-11134207-7rase-m64y0qj0ldee70,https://cf.shopee.co.id/file/id-11134207-7rasd-m64y0qj0jyty5b,https://cf.shopee.co.id/file/id-11134207-7rasj-m64y0qj0ik9i7b",Kaniva,Pets > Pet Food > Cat Food
29722321472,Kaniva Grain Free Salmon dan Tuna Dry Food For All Ages Makanan Kucing,"KANIVA GRAIN FREE SALMON AND TUNA DRY FOOD FOR ALL AGES Makanan kering untuk kucing segala usia, mulai dari kitten hingga Dewasa (Adult). Memiliki ukuran kibble 0,7 – 0,9 cm, agar mudah dikonsumsi. Diformulasikan khusus untuk kulit lebih sehat dan bulu yang berkilau. Terbuat dari daging tuna pilihan terbaik dengan kandungan minyak krill, baik dalam membantu penyerapan nutrisi. Serta tulang rawan hiu untuk mendukung kesehatan tulang dan sendi. KEUNGGULAN : ✅ Mengandung salmon oil & evening primrose oil yang kaya akan OMEGA 3 & 6 untuk kesehatan kulit dan bulu ✅ Membantu meningkatkan sistem pencernaan yang sehat dan lebih meningkatkan sistem imun ✅ Kandungan tambahan minyak krill dan minyak salmon ✅ Membantu memberikan kulit yang sehat dan bulu yang berkilau ✅ Tulang rawan hiu membantu menutrisi untuk kekuatan tulang dan kesehatan sendi ✅ Rendah sodium ✅ Tidak mengandung gandum dan jagung Nilai gizi: Protein min. 32% Fat min. 17% Fiber max. 5.5% Moisture max. 8.5% Taurin min. 0.10% Selected Ingredients: Salmon, Tuna, Whole Eggs Nutrition: Salmon hydrolysate, Chicken meal, Tapioca, Pea protein, Tallow, Tapioca flour, Sweet potato powder, Tuna meal, Digested animal protein, Fish meal, Salmon oil, Cellulose powder, Yeast product (Source of Beta glucan, Mannan oligosaccharide and Nucleotides), Potassium chloride, Choline chloride, Dicalcium phosphate, Essential vitamins supplement (Vitamin A, Vitamin D3, Vitamin E, Vitamin C, Nicotinic acid, Vitamin B1, Vitamin B6, Pantothenic acid, Vitamin B2, Vitamin K3, Folic acid, Biotin, Vitamin B12) Essential trace minerals supplement (Iron, Zinc, Copper, Manganese, Iodine, Selenium), Sun flower oil, Whole egg powder, Psyllium seed husk, Canola oil, Algae powder, Lecithin, Taurine, L-Lysine, Mannan oligosaccharide, Probiotic (Bacillus subtilis), Methionine, Manganese amino acid complex, Zinc amino acid complex, Copper amino acid complex, Potassium iodide, Zinc-L-selenomethionine complex, Enzyme, Preservative agent (Propionic acid), Hydrated sodium calcium aluminum silicate and Esterified glucomannan, Shark cartilage powder, Quillaja saponaria extract, Evening primrose oil, Yucca schidigera extract, Cranberry powder, Rosemary extract KANIVA made in Thailand",50000.00 IDR,in stock,new,https://shopee.co.id/product/262714770/29722321472,https://cf.shopee.co.id/file/id-11134207-7ras8-m63pymr14ial2e,"https://cf.shopee.co.id/file/sg-11134201-7ra24-m4h8rzd44kd75a,https://cf.shopee.co.id/file/sg-11134201-7ra2l-m4h8rzam86f78f,https://cf.shopee.co.id/file/sg-11134201-7ra3q-m4h8rzck6saw1d,https://cf.shopee.co.id/file/sg-11134201-7ra13-m4h8rzck6qmq75,https://cf.shopee.co.id/file/sg-11134201-7ra24-m4h8rzd44kd75a",Kaniva,Pets > Pet Food > Cat Food
29680126630,Kaniva Grain Free Chicken dan Tuna 8kg Dry Food For All Ages Makanan Kucing,"KANIVA GRAIN FREE CHICKEN & TUNA FOR ALL AGES Makanan kering untuk kucing segala usia, mulai dari kitten usia 4 bulan sampai dengan kucing dewasa. Memiliki ukuran kibble 0,7 – 0,9 cm, agar mudah dikonsumsi. KEUNGGULAN: ✅ NON-GMO Menggunakan bahan-bahan alami yang belum dimodifikasi secara genetik untuk mengurangi alergen makanan. ✅ Mengandung Sinbiotik (Prebiotik + Probiotik) Membantu meningkatkan sistem pencernaan dan mendukung sistem kekebalan tubuh. ✅ Mengandung Superfood Membantu meningkatkan nilai gizi dan memberikan Antioksidan (antioksidan). ✅ Mengandung Mineral Organik (Kompleks Asam Amino) yang mudah diserap. ✅ Mengandung L-lysine dan Beta-glucan untuk membantu memperkuat sistem kekebalan tubuh. ❌ Tidak mengandung biji-bijian, beras, jagung, gluten, gandum dan kedelai Nilai gizi: Protein min. 32% Fat min. 17% Fiber max. 5.5% Moisture max. 8.5% Taurin min. 0,10% Selected Ingredients: Chicken, Tuna, Whole Eggs Nutrition: Chicken meal, Tapioca, Tallow, Pea protein, Sweet potato powder, Tapioca flour, Tuna hydrolysate, Digested animal protein, Fish meal, Salmon oil, Cellulose powder, Yeast product (Source of Beta glucan, Mannan oligosaccharide and Nucleotides), Potassium chloride, Choline chloride, Essential vitamins supplement (Vitamin A, Vitamin D3, Vitamin E, Vitamin C, Nicotinic acid, Vitamin B1, Vitamin B6, Pantothenic acid, Vitamin B2, Vitamin K3, Folic acid, Biotin, Vitamin B12) Essential trace minerals supplement (Iron, Zinc, Copper, Manganese, Iodine, Selenium), Sun flower oil, Algae powder, Whole egg powder, Psyllium seed husk, Canola oil, Lecithin, Taurine, Dicalcium phosphate, L-Lysine, Mannan oligosaccharide, Probiotic (Bacillus subtilis), Methionine, Manganese amino acid complex, Zinc amino acid complex, Copper amino acid complex, Potassium iodide, Zinc-L-selenomethionine complex, Enzyme, Preservative agent (Propionic acid), Hydrated sodium calcium aluminum silicate and Esterified glucomannan, Shark cartilage powder, Quillaja saponaria extract, Evening primrose oil, Yucca schidigera extract, Cranberry powder, Rosemary extract. KANIVA made in Thailand",916948.00 IDR,in stock,new,https://shopee.co.id/product/262714770/29680126630,https://cf.shopee.co.id/file/id-11134207-7rbkd-m7j27p97961i44,"https://cf.shopee.co.id/file/id-11134207-7rbk8-m7j27p977rh2ea,https://cf.shopee.co.id/file/id-11134207-7rbk3-m7j27p973jrq81,https://cf.shopee.co.id/file/id-11134207-7rbk4-m7j27p974yc6ff,https://cf.shopee.co.id/file/id-11134207-7rbk0-m7j27p976cwmd8",Kaniva,Pets > Pet Food > Cat Food
29561650913,Sleeping Pouch Sugar Glider Double Hammock,"Sleeping Pouch Sugar Glider Double Hammock Sleeping Pouch Double Hammock Sugar Glider adalah tempat tidur Sugar Glider bertingkat/berlapis dua. Sleeping Pouch ini berbahan halus dan lembut yang biasanya digunakan untuk membuat boneka, sehingga Sugar Glider akan merasa nyaman saat tidur. - Bahan : Velboa dan Rasfur Bahan halus, lembut, dan tebal, sehingga nyaman ditempati hewan peliharaan Anda. - Model : Double Hammock Tempat tidur gantung ganda dengan dua tingkat, dapat memberikan lebih banyak ruang dan privasi untuk hewan peliharaan Anda. - Fitur : Digantung pada kandang Terdapat 4 pengait pada hammock sehingga dapat digantung pada kandang *Tanyakan dulu untuk stok motif, jika motif yang dipilih habis, maka akan diganti dengan motif lain.",40000.00 IDR,in stock,new,https://shopee.co.id/product/262714770/29561650913,https://cf.shopee.co.id/file/sg-11134201-7rdy4-m0bff4j6l5l0a7,"https://cf.shopee.co.id/file/sg-11134201-7rdwb-m0bff4egs26a95,https://cf.shopee.co.id/file/sg-11134201-7rdw6-m0bff4boxiz2ca,https://cf.shopee.co.id/file/sg-11134201-7rdwu-m0bff4icmdfo6a,https://cf.shopee.co.id/file/sg-11134201-7rdyg-m0bff4gyr7fpa3",Central Cat's,Pets > Pet Accessories > Pet Furniture > Beds & Mats
29525906176,Kaniva Mother Cat and Kitten Dry Food Makanan Kucing,"KANIVA MOTHER CAT & KITTEN DRY FOOD CAT FOOD FOR MOTHER CAT & KITTEN 3 WEEKS – 1 YEAR Makanan kering untuk induk kucing dan anak kucing dengan ukuran kibble 0,7 – 0,9 cm, agar mudah dikonsumsi. Diformulasikan khusus untuk induk kucing dan anak kucing. Terbuat dari daging ayam pilihan terbaik dengan kandungan kolostrum dan DHA. Sangat bagus untuk pembentukan dan meningkatkan sistem imun/kekebalan tubuh serta perkembangan otak dan meningkatkan kemampuan belajar. KEUNGGULAN: ✅ Mengandung salmon oil & evening primrose oil - Minyak Salmon: Kaya Omega-3 meningkatkan kesehatan kulit dan bulu, mengurangi pembengkakan dan peradangan secara keseluruhan. - Evening Primrose Oil: Kaya Omega-6, bermanfaat bagi hewan peliharaan dengan bulu kering dan kusam, serta kulit kering dan bersisik. ✅ Mengandung lebih banyak kolostrum untuk pembentukan imunitas ✅ Mengandung lebih banyak DHA untuk perkembangan otak ✅ Dengan bahan tambahan organic mineral dari ekstrak alami ✅ Membantu memberikan kulit yang sehat dan bulu yang berkilau ✅ Mencegah hairball ✅ Tidak mengandung gandum dan jagung Nilai gizi: Protein min. 35% Fat min. 20% Fiber max. 5.5% Moisture max. 8.5% Taurine min. 0.10% Key Ingredients: Chicken, Salmon, Rice Nutrition: Chicken meal, Rice, Soybean meal, Tallow, Sun flower oil, Digested animal protein, Salmon hydrolysate, Salmon oil, Palm Stearine, Cellulose powder, Potassium chloride, Dicalcium phosphate, Yeast product (Source of Beta glucan, Mannan oligosaccharide and Nucleotides), Whole egg powder, Essential vitamins supplement (Vitamin A, Vitamin D3, Vitamin E, Vitamin C, Nicotinic acid, Vitamin B1, Vitamin B6, Pantothenic acid, Vitamin B2, Vitamin K3, Folic acid, Biotin, Vitamin B12) Essential trace minerals supplement (Iron, Zinc, Copper, Manganese, Iodine, Selenium), Choline chloride, Salt, Canola oil, Taurine, Glyceryl Polyethyleneglycol Ricinoleate, Iron proteinate, Zinc proteinate, Manganese proteinate, Copper proteinate, Selenium yeast, Methionine, Lecithin, Evening primrose oil, L-Lysine, Mannan oligosaccharide, Fructo-oligosaccharide, Marigold extract, Enzyme, Preservative agent (Propionic acid), Hydrated sodium calcium aluminum silicate and Esterified glucomannan, Yucca Schidigera extract, Natural mixed tocopherols, Bovine colostrum, Beta-carotene. KANIVA made in Thailand",57762.00 IDR,in stock,new,https://shopee.co.id/product/262714770/29525906176,https://cf.shopee.co.id/file/id-11134207-7rask-m64y0qj0mrye38,"https://cf.shopee.co.id/file/id-11134207-7rasg-m64y0qj0lddy44,https://cf.shopee.co.id/file/id-11134207-7ras8-m64y0qj0o6iu79,https://cf.shopee.co.id/file/id-11134207-7ras9-m64y0qj0pl3ac2",Kaniva,Pets > Pet Food > Cat Food
29425921024,Kaniva Senior Care 7+ Dry Food Makanan Kucing Lansia,"KANIVA SENIOR CARE 7+ DRY FOOD CAT FOOD FOR SENIOR CATS Makanan kering untuk kucing senior di atas 7 tahun. Memiliki ukuran kibble 0,7 – 0,9 cm, agar mudah dikonsumsi. Diformulasikan khusus untuk perawatan menjaga kesehatan kucing lansia. Terbuat dari daging ayam pilihan terbaik dengan kandungan 4 antioksidan, cranberry, blueberry, dan kolagen tipe II. KEUNGGULAN: ✅ Baik untuk menjaga kesehatan kucing lansia. ✅ Mengandung 4 antioksidan dari teh hijau, rosemary, cranberry, dan blueberry untuk anti penuaan. Cranberry dan blueberry sebagai perawatan kesehatan ginjal dan saluran kemih ✅ Kolagen tipe II untuk perawatan tulang dan sendi ✅ Dengan 3 kali taurine dan L-carnitine, mendukung fungsi jantung serta kesehatan mata ✅ Mineral alami dan kompleks asam amino organik membantu penyerapan nutrisi lebih baik dan memperkuat tubuh ✅ L-lysine dan Beta-glucan meningkatkan sistem kekebalan tubuh dan membantu mencegah infeksi ✅ Mengontrol berat badan ✅ Efektif mengurangi bau feses dan urine kucing Nilai gizi: Protein min. 30% Fat min. 14% Fiber max. 5.5% Moisture max. 8.5% Taurine min. 0.10% Key Ingredients: Chicken, Berries, Rice Nutrition: Chicken Meal, Rice, Tapioca, Chicken Hydrolysate. Tallow, Cellulose Powder, Digested Animal Protein, Salmon Oil, Algae Powder, Essential Vitamins Supplement (Vitamin A, Vitamin D3, Vitamin E, Vitamin C. Nicotinic Acid, Vitamin B1. Vitamin B6. Pantothenic Acid, Vitamin B2, Vitamin K3, Folic Acid, Biotin, Vitamin B12) Essential Trace Minerals Supplement (Iron, Zinc, Copper, Manganese, lodine, Selenium). Choline Chloride. Sun Flower Oil, Yeast Product (Source Of Beta Glucan, Mannan Oligosaccharide And Nucleotides), Sodium Bisulfate, Canola Oil, Potassium Chloride. Taurine. L-Lysine, Mannan Oligosaccharide, Probiotic (Bacillus Subtilis). Methionine. Manganese Amino Achl Complex, Zinc Amino Acid Complex. Copper Amino Acid Complex. Potassium Iodide. Zinc-L-Selenomethionine Complex. Shark Cartilage Powder. Enzyme. Green Tea Powder. Quillaja Saponaria Extract. Cranberry Powder. Blueberry Powder. Preservative Agent (Propionic Acid). Hydrated Sodium Calcium Aluminum Silicate And Esterified Glucomannan. Evening Primrose Oil. Yucca Schidigera Extract. L-Carnitine, Hydrolyzed Collagen Type II. Rosemary Extract. KANIVA made in Thailand",57762.00 IDR,in stock,new,https://shopee.co.id/product/262714770/29425921024,https://cf.shopee.co.id/file/id-11134207-7ras9-m651ptu6z208ca,"https://cf.shopee.co.id/file/id-11134207-7rasj-m651ptu6z212e0,https://cf.shopee.co.id/file/id-11134207-7rasb-m651ptu71v5y60,https://cf.shopee.co.id/file/id-11134207-7ras9-m651ptu739qe53,https://cf.shopee.co.id/file/id-11134207-7rasc-m651ptu70gli71,https://cf.shopee.co.id/file/id-11134207-7ras8-m64y0qj0tssm9d,https://cf.shopee.co.id/file/id-11134207-7rasj-m64y0qj0v7d2a9",Kaniva,Pets > Pet Food > Cat Food
29057783900,"Sol Latanza Pasir Gumpal Kucing 2,5L","Halo! Selamat datang di Central Cat's.. Kami menjual berbagai macam kebutuhan serta keperluan hewan peliharaan kamu.. Selamat berbelanja! Sol Latanza Pasir Gumpal Kucing Premium Bentonite Cat Litter 2,5L Keunggulan: 1. Extra Absorbent 2. Ultra Clumping 3. 99% Dust Free 4. Odor Control Varian Aroma : - Coffee - Baby Powder - Sandalwood - Lemongrass - Lavender",20469.00 IDR,in stock,new,https://shopee.co.id/product/262714770/29057783900,https://cf.shopee.co.id/file/sg-11134201-7rdxb-lyw2cpue67aa47,"https://cf.shopee.co.id/file/sg-11134201-7rdwm-lyw2cppedibqd8,https://cf.shopee.co.id/file/sg-11134201-7rdxu-lyw2cpdqukh898,https://cf.shopee.co.id/file/sg-11134201-7rdvk-lyw2cpl8jlx38c",Sol Latanza,Pets > Litter & Toilet > Cat Litter & Boxes
28775809038,Kaniva Indoor Salmon Dry Food For All Ages Makanan Kucing,"KANIVA INDOOR SALMON DRY FOOD FOR ALL STAGES Makanan kering untuk kucing indoor dewasa dengan ukuran kibble 0,7 – 0,9 cm, agar mudah dikonsumsi kucing. Diformulasikan khusus untuk kucing rumahan. Terbuat dari daging turkey (kalkun) pilihan terbaik yang kaya protein dan rendah lemak dan daging ikan salmon. Cocok untuk menjaga berat badan ideal kucing, mengontrol bau kotoran, dan mendukung kesehatan saluran kemih KEUNGGULAN : ✅ Mengandung salmon oil & evening primrose oil yang kaya akan OMEGA 3 & 6 untuk kesehatan kulit dan bulu ✅ Tinggi serat, membantu meningkatkan daya cerna maksimal dan mencegah masalah pencernaan dengan enzim. ✅ Mendukung Kesehatan Saluran Kemih Cranberry adalah sumber antioksidan, vitamin C dan E, serat makanan, vitamin K, dan mangan. Cranberry juga menyediakan sumber polifenol dan proanthocyanin alami yang berperan dalam mendukung kesehatan saluran kemih. ✅ Tidak mengandung gandum & Gluten Gandum. Mengurangi kemungkinan intoleransi gluten, kepekaan terhadap gluten, alergi gandum, ruam, gatal-gatal, rambut rontok, dll. ✅ Mengontrol Bau Kotoran. Ekstrak Yucca Schidigera mengurangi bau kotoran hewan Bubuk saponaria Quillaja berkontribusi mengurangi amonia urin dan feses ✅ Tidak mengandung jagung. Tidak mengiritasi kucing (Beberapa kucing yang alergi jagung dapat menyebabkan muntah makanan) ✅ Mendukung Tulang & Sendi Kalsium, glukosamin, dan kondroitin dari tulang rawan ikan hiu membantu menutrisi tulang yang kuat dan sendi yang sehat. Nilai gizi: Protein min 30% Fat min 15% Fiber max 6.5% Moisture max 8.5% Taurine min 0.10% Key Ingredients : Turkey, Salmon, Rice Nutrition: Salmon hydrolysate, Poultry meal, Rice, Soy bean meal, Tapioca, Tallow, Cellulose powder, Digested animal protein, Sun flower oil, Salmon oil, Turkey meal, Essential vitamins supplement (Vitamin A, Vitamin D3, Vitamin E, Vitamin C, Nicotinic acid, Vitamin B1, Vitamin B6, Pantothenic acid, Vitamin B2, Vitamin K3, Folic acid, Biotin, Vitamin B12) Essential trace minerals supplement (Iron, Zinc, Copper, Manganese, Iodine, Selenium), Choline chloride, Canola oil, Whole egg powder, Psyllium seed husk, Dicalcium phosphate, Lecithin, Taurine, Salt, L-Lysine, Mannan oligosaccharide, Methionine, Iron proteinate, Zinc proteinate, Manganese proteinate, Copper proteinate, Selenium yeast, Enzyme, Shark cartilage powder, Quillaja saponaria extract, Preservative agent (Propionic acid), Hydrated sodium calcium aluminum silicate and Esterified glucomannan, L-Carnitine, Evening primrose oil, Yucca schidigera extract, Cranberry powder, Rosemary extract. KANIVA made in Thailand",50000.00 IDR,in stock,new,https://shopee.co.id/product/262714770/28775809038,https://cf.shopee.co.id/file/id-11134207-7rasj-m63pymr15wv111,"https://cf.shopee.co.id/file/id-11134207-7rase-m63pymr18pzx66,https://cf.shopee.co.id/file/id-11134207-7rasd-m63pymr17bfh4b,https://cf.shopee.co.id/file/id-11134207-7rasi-m63pymr1a4kd2c,https://cf.shopee.co.id/file/id-11134207-7rasl-m63pymr1bj4t02",Kaniva,Pets > Pet Food > Cat Food
28525907644,Kaniva Dog Food Small Breed Skin and Coat Dry Food Makanan Anjing,"KANIVA DOG SMALL BREED SKIN & COAT DRY FOOD DOG FOOD FOR ALL AGES Makanan kering untuk anak anjing dan anjing dewasa ras kecil dengan ukuran kibble 0,85 – 1,05 cm berbentuk segitiga bundar, renyah, dan mudah dikunyah. Diformulasikan khusus dari ikan salmon pilihan terbaik, minyak krill dan biotin yang membuat kulit dan bulu lebih sehat serta berkilau. KEUNGGULAN: ✅Mengandung salmon oil, evening primrose oil, dan Krill oil - Minyak Salmon: Kaya Omega-3 meningkatkan kesehatan kulit dan bulu, mengurangi pembengkakan dan peradangan secara keseluruhan. - Evening Primrose Oil: Kaya Omega-6, bermanfaat bagi hewan peliharaan dengan bulu kering dan kusam, serta kulit kering dan bersisik. - Minyak krill : Kaya Omega 3, 6, dan 9 serta biotin, yang membantu menutrisi kulit dan bulu, menjadikan lebih sehat dan berkilau ✅ Mengandung minyak kelapa untuk mengurangi bau badan ✅ Ekstrak zaitun, untuk anti penuaan dan merangsang sistem kekebalan tubuh ✅ Ekstrak lutein dan marigold, untuk perawatan mata dan penglihatan ✅ Kolagen tipe II, glucosamine, dan chondroitin, untuk mendukung kesehatan tulang dan sendi ✅ Anti penuaan ✅ Meningkatkan sistem imun ✅ Membantu perkembangan otak ✅ Tidak mengandung gandum dan jagung Nilai gizi: Protein min. 25% Fat min. 15% Fiber max. 4.5% Moisture max. 8.5% Calcium min. 1.2% Key Ingredients: Salmon, Ocean Fish, Rice Nutrition: Salmon Hydrolysate. Rice. Soy Bean Meal Fish Meal, Tapioca, Tallow. Tapioca Flour. Digested Animal Protein, Sun Flower Oil, Tuna Meal, Cellulose Powder, Salmon Oil, Dicalcium Phosphate. Yeast Product (Source Of Beta Glucan, Mannan Oligosaccharide And Nucleotides). Vitamins (Vitamin A. Vitamin D3, Vitamin E, Nicotinic Acid, Vitamin C. Biotin, Pantothenic Acid, Vitamin B2, Vitamin B1. Vitamin B6. Folic Acid, Vitamin K3. Vitamin B12) Minerals (Zinc, Iron, Manganese, Copper, lodine. Selenium). Tuna Oil, Choline Chloride, Lecithin. Potassium Chloride, Marigold Extract, Coconut Oil. Methionine, Taurine, Manganese Amino Acid Complex. Zinc Amino Acid Complex. Copper Amino Acid Complex, Potassium Iodide. Zinc-L-Selenomethionine Complex. L-Lysine, Mannan Oligosaccharide. Probiotic (Bacillus subtilis), Salt, Enzyme. Shark Cartilage Powder, Olive Powder, Quillaja Saponaria Extract, Preservative Agent (Propionic Acid), Hydrated Sodium Calcium Aluminum Silicate And Esterified Glucomannan, Krill Oil, Evening Primrose Oil, Yucca Schidigera Extract, L-Carnitine, Hydrolyzed Collagen Type II. KANIVA made in Thailand",57762.00 IDR,in stock,new,https://shopee.co.id/product/262714770/28525907644,https://cf.shopee.co.id/file/id-11134207-7ras9-m651ptu78w065e,"https://cf.shopee.co.id/file/id-11134207-7rasb-m651ptu7bp525a,https://cf.shopee.co.id/file/id-11134207-7rasg-m651ptu77hfq4e,https://cf.shopee.co.id/file/id-11134207-7rasb-m651ptu7aakm5c",Kaniva,Pets > Pet Food > Dog Food
28238602593,Biolite Prime Beauty All Stage Premium Cat Food Dry Food Makanan Kucing Dewasa Kitten,"BIOLITE PRIME BEAUTY ALL STAGE PREMIUM CAT FOOD FOR KITTEN & ADULT Apa itu Biolite Prime Beauty? BioLite Prime Beauty adalah pilihan dry food berkualitas tinggi, dirancang lengkap untuk mendukung kulit & bulu sehat, pencernaan lancar, dan kesehatan saluran kemih. Formula nutrisi seimbang dan kandungan bahan alami menjadikannya ideal bagi kitten maupun kucing dewasa yang mementingkan kualitas hidup dan tampil semarak. Biolite Prime menyediakan rangkaian nutrisi lengkap dan 10 manfaat kesehatan: 1. Urinary Tract Health – mendukung saluran kemih. 2. Digestive Health – mengandung prebiotik untuk pencernaan yang sehat. 3. Anti Hairball – membantu mencegah bola rambut. 4. High Quality Protein – ideal untuk kebutuhan otot. 5. Dental Health – tekstur kerenyahan mendukung kebersihan gigi. 6. Supports Immunity System – diperkaya vitamin & mineral. 7. Healthy Vision - Penglihatan yang Sehat 8. Strong Bones – Tulang yang Kuat 9. Healthy Skin & Coat – Kulit dan Bulu yang Sehat dan Berkilau 10. Omega 3, Omega 6, and Zinc Kandungan Nutrisi: CRUDE PROTEIN ≥ 34% CRUDE FAT ≥ 20% CRUDE ASH ≤ 10% CRUDE FIBER ≤ 5 % CALCIUM ≥ 1% MOISTURE ≤ 10% PHOSPHORUS ≥ 0,8% TAURINE ≥ 0,1% SOLUBLE CHLORIDE ≥ 0,3% PORK FREE COMPOSITION: Raw Material Composition: Chicken 45%, Egg White 15%, Corn, Wheat, Soybean, Enzymatic Chicken Liver, Chicken Fat, Beetroot Flesh, Hydrolyzed Chicken Liver Powder, Rice, Maize, Cranberry Extract, Yucca Schidigera Extract, ETC. Additive Composition: Vitamin A (Acetate), Vitamin D3, Vitamin E (DL-A-Tocopherol Acetate), Taurine, Vitamin B1 (Thiamine Nitrate). Vitamin B2 (Riboflavin), Vitamin K3 (Sodium Bisulfite), Vitamin B6 (Pridoxine Hydrochloride), Vitamin B12 (Cyancobalamin), Copper (Copper Sulfate, Pentahydrate) 5,0mg, Zinc (Zinc Sulfate, Solvic Acid, Iron Sulfate) 60,0mg, Manganese (Manganous Sulfate, Monohydrate) 15,0mg, Lodine (Calcium Pantothenate, Carbonate, Hydrogen) 1,5mg, Selenium (Sodium Selenite, Chloride) 0,2mg.",194892.00 IDR,in stock,new,https://shopee.co.id/product/262714770/28238602593,https://cf.shopee.co.id/file/id-11134207-7ra0n-mc375o5my24322,"https://cf.shopee.co.id/file/id-11134207-7ra0t-mc375o5mwnjn35,https://cf.shopee.co.id/file/id-11134207-7ra0k-mc375o5mzgoj45,https://cf.shopee.co.id/file/id-11134207-7ra0q-mc375o5n0v8zef",Biolite,Pets > Pet Food > Cat Food
27918285524,Pokoko Pet Pasir Gumpal Kucing Import 5L,Halo! Selamat datang di Central Cat's.. Kami menjual berbagai macam kebutuhan serta keperluan hewan peliharaan kamu.. Selamat berbelanja! Pokoko Pet Natural Bentonite Cat Litter Pasir Gumpal Wangi untuk Kucing ✓ Natural / Alami ✓ Low Dust / Minim Debu ✓ Fast Clumping / Cepat Menggumpal ✓ Odor Control / Mengontrol Bau Varian Aroma: - Lavender - Apple - Coffee - Lemon,30000.00 IDR,in stock,new,https://shopee.co.id/product/262714770/27918285524,https://cf.shopee.co.id/file/sg-11134201-7reob-m2uroxm5gg2v7f,"https://cf.shopee.co.id/file/sg-11134201-7reo4-m2uroxjnli4m97,https://cf.shopee.co.id/file/sg-11134201-7reqe-m2uroxlbkgzqf6,https://cf.shopee.co.id/file/sg-11134201-7reos-m2uroxlbhnxj4a,https://cf.shopee.co.id/file/sg-11134201-7rep4-m2uroxjnlibf3a,https://cf.shopee.co.id/file/sg-11134201-7reni-m2uroxllh989b7",Pokoko Pet,Pets > Litter & Toilet > Others
27772949911,Kaniva Wet Food Pouch 70gr Makanan Basah Kucing,"KANIVA WET FOOD POUCH 70GR FOR ALL STAGE Makanan basah untuk kucing kitten & adult dengan tambahan bola jeli vitamin. Mengandung salmon oil yang kaya akan vitamin esensial B6, B3, & B9 untuk melengkapi kebutuhan nutrisinya. Terbuat dari bahan utama daging tuna segar terbaik dan daging salmon pilihan. Sangat bagus untuk: - membantu menstimulasi perkembangan otak - menjaga kesehatan kulit dan bulu tampak berkilau - membentuk daya tahan tubuh - taurine Komposisi: - Mengandung salmon oil & evening primrose oil untuk Kesehatan kulit dan bulu tampak berkilau - Kaya akan vitamin esensial B3, B6 & B9 untuk menstimulasi perkembangan otak - Tidak mengandung gandum - Tidak mengandung jagung - Rendah sodium Crude Protein 11-14% Crude Fat 0,10-0,30% Crude Fiber 1% Moisture 84-88% Kaniva telah memenuhi standar AAFCO, pork free dan telah tersertifikasi Halal Made in Thailand",15523.00 IDR,in stock,new,https://shopee.co.id/product/262714770/27772949911,https://cf.shopee.co.id/file/id-11134207-7rasf-m4r83tukhtku82,"https://cf.shopee.co.id/file/id-11134207-7rasc-m4r83tukj85ad3,https://cf.shopee.co.id/file/id-11134207-7rasg-m4r83tukkmpqc4,https://cf.shopee.co.id/file/id-11134207-7rasf-m4r83tukm1a6d4,https://cf.shopee.co.id/file/id-11134207-81ztk-me9w2u6j6scg53",Kaniva,Pets > Pet Food > Cat Food
27657119867,Central Cat's Mix Seed Pakan Hamster,"Makanan Hamster Premium Mix Seed Makanan yang terbuat dari bahan-bahan alami yang aman dan sehat bagi hamster, dilengkapi dengan salmon oil, vitamin &amp; mineral, buah dan sayur, sehingga dapat memenuhi kebutuhan asupan energi dan nutrisi hamster. Cocok untuk segala jenis hamster. Komposisi: Biji sawi, Kuaci, gabah, beras merah, canary, milet merah, milet putih, kedelai, kacang hijau, jagung, sorgum.",12878.00 IDR,in stock,new,https://shopee.co.id/product/262714770/27657119867,https://cf.shopee.co.id/file/id-11134207-7r992-m09tyj5li53b3d,"https://cf.shopee.co.id/file/sg-11134201-7rdvw-lyltf16t4day09,https://cf.shopee.co.id/file/sg-11134201-7rdvi-lyltf1euslh3d5,https://cf.shopee.co.id/file/sg-11134201-7rdwq-lyltf16j4s6ibe,https://cf.shopee.co.id/file/sg-11134201-7rdxv-lyltf1julag8d5,https://cf.shopee.co.id/file/sg-11134201-7rdxj-lyltf1c2wnzo55",Central Cat's,Pets > Pet Food > Small Pet Food
27618142766,Central Cat's Dispenser Tempat Kantong + Plastik Pup Kotoran Hewan Anjing kucing,"Dispenser Tempat Kantong + Plastik Pup Kotoran Hewan Anjing kucing Dispenser tempat penyimpanan kantong pembuangan kotoran hewan/sampah yang portable, sangat ringan sehingga nyaman di bawa kemana pun juga. Produk di lengkapi dengan gantungan sehingga bisa di gantung pada tas. Kini tidak perlu khawatir kelabakan mencari kantong kresek untuk membuang kotoran anabul lagi, sediakan selalu dalam dispenser ini.. 1 Pc Dispenser termasuk: 1 pc Dispenser 1 pc Roll plastik (isi 15 lembar) Size: Dispenser : 10 x 4 cm Kantong Refill : 22 x 28 cm Kantong refill dlm bentuk roll : P = 6 cm, Diameter = 2,5 cm isi 15 lembar *Warna dikirim random",8000.00 IDR,in stock,new,https://shopee.co.id/product/262714770/27618142766,https://cf.shopee.co.id/file/sg-11134201-7repv-m2t7tmr64np7bd,"https://cf.shopee.co.id/file/sg-11134201-7reoy-m2t7tmfilpsx61,https://cf.shopee.co.id/file/sg-11134201-7reoo-m2t7tmf8m4djc3,https://cf.shopee.co.id/file/sg-11134201-7reol-m2t7tmeomxa128,https://cf.shopee.co.id/file/sg-11134201-7renh-m2t7tmg2kw7ab4,https://cf.shopee.co.id/file/sg-11134201-7reou-m2t7tmeooc1y4f",Central Cat's,Pets > Litter & Toilet > Poop Bags & Scoopers
27538828419,Koko Pets Salmon Oil Minyak Ikan Salmon 60ml,"KOKO PETS SALMON OIL MINYAK IKAN SALMON Isi: 60ml Minyak ikan salmon memiliki banyak manfaat untuk kucing dan anjing, terutama karena kandungan asam lemak omega-3, yaitu EPA (Eicosapentaenoic Acid) dan DHA (Docosahexaenoic Acid). Fungsi Minyak Ikan Salmon: 1. Menyehatkan Kulit dan Bulu - Mengurangi kerontokan bulu - Membuat bulu lebih lembut, mengilap, dan tebal - Mengatasi kulit kering, gatal, dan iritasi - Membantu pemulihan dari dermatitis atau alergi kulit 2. Meningkatkan Sistem Imun - Asam lemak omega-3 membantu memperkuat daya tahan tubuh - Membantu tubuh melawan infeksi, peradangan, dan penyakit autoimun 3. Mendukung Kesehatan Jantung - Omega-3 dapat menurunkan tekanan darah dan menjaga detak jantung tetap normal - Membantu mengurangi risiko penyakit jantung, terutama pada kucing senior 4. Menjaga Fungsi Otak dan Penglihatan - DHA penting untuk perkembangan otak anak kucing dan fungsi kognitif kucing dewasa - Mendukung kesehatan mata dan respons sensorik 5. Anti-inflamasi Alami - Cocok untuk kucing dengan masalah persendian seperti arthritis - Membantu mengurangi nyeri dan peradangan sendi pada kucing tua 6. Meningkatkan Nafsu Makan - Aroma dan rasa minyak ikan salmon umumnya disukai kucing - Membantu merangsang kucing yang kehilangan nafsu makan, terutama saat sakit atau stres",28707.00 IDR,in stock,new,https://shopee.co.id/product/262714770/27538828419,https://cf.shopee.co.id/file/id-11134207-7ra0q-mcd6kzvvu6yt79,"https://cf.shopee.co.id/file/id-11134207-7ra0r-mcd6kzvvu72d45,https://cf.shopee.co.id/file/id-11134207-7ra0j-mcd6kzvvu76m9b,https://cf.shopee.co.id/file/id-11134207-7ra0q-mcd6kzvw9n7p59,https://cf.shopee.co.id/file/id-11134207-7ra0u-mcd6kzvwb1s53f",Koko Pets,Pets > Pet Healthcare > Vitamins & Supplements
27523664195,Arthacat Tofu Cat Litter/Pasir Tofu Gumpal Kucing 8 Liter,"ARTHACAT NATURAL TOFU CAT LITTER PREMIUM 8L Pasir Kucing Gumpal Tofu/Soya Brand : Arthacat Material : TOFU / TAHU/ SOYA Volume : 8 Liter Size : 2mm Aroma: Vanilla Peppermint Gingerbread Cookies Winter Breeze Saranghae Features : - Menggumpal dengan cepat, dengan kekuatan rapid clumping technology - Dapat langsung di-flush ke dalam toilet. - Tersedia dalam 4 aroma menawan. - 99,9% bebas debu, sehingga lebih ramah untuk kesehatan pernafasan kucing dan manusia. - 100% ramah lingkungan karena terbuat dari ampas tahu organik. - Hasil sekresi tidak menempel pada litter box sehingga mudah dibersihkan. - No dangerous chemical, sehingga aman untuk kucing segala usia. Penggunaan lebih hemat jika dibandingkan dengan tofu litter merk lain.",102944.00 IDR,in stock,new,https://shopee.co.id/product/262714770/27523664195,https://cf.shopee.co.id/file/id-11134207-7ras8-m52ldoaxbf0zdd,"https://cf.shopee.co.id/file/sg-11134201-7ra3k-m52l14mobpzs29,https://cf.shopee.co.id/file/sg-11134201-7ra0q-m52l14l0cr7uaf,https://cf.shopee.co.id/file/sg-11134201-7ra1l-m52l14m4fcgu0b,https://cf.shopee.co.id/file/sg-11134201-7ra3v-m52l14my9v7yd1,https://cf.shopee.co.id/file/sg-11134201-7ra3c-m52l14kgdkgucf",Arthacat,Pets > Litter & Toilet > Others
27523549982,Taisho Koi Food Pakan Ikan Koi 800gr Repack,"Taisho Koi Food Taisho Pelet Ikan Koi ukuran 5mm Taisho merupakan pakan ikan koi tipe apung, dilengkapi dengan nutrisi seimbang, vitamin dan mineral yang cukup sehingga membantu pertumbuhan dan meningkatkan daya tahan tubuh koi terhadap penyakit. Produk ini merupakan Sakura Taisho yang mengandung nutrisi seimbang, mineral juga vitamin yang cukup untuk membantu dalam meningkatkan daya tahan tubuh KOI agar tidak mudah terserang penyakit. Aman dan tidak menyebabkan polusi air. Keunggulan: – Meningkatkan daya cerna. – Meningkatkan daya tahan tubuh dan kesehatan. – Tidak menyebabkan polusi air. – Floating Type Kandungan: * Serat: max 5% * Protein: min 21% * Kadar air: max 10% * Abu: max 10% * Lemak: min 4% Kemasan 800gr Repack",20756.00 IDR,in stock,new,https://shopee.co.id/product/262714770/27523549982,https://cf.shopee.co.id/file/id-11134207-7rbk2-m98ib322g8wdcb,"https://cf.shopee.co.id/file/id-11134207-7rbk1-m98ib322j1t993,https://cf.shopee.co.id/file/id-11134207-7rbk3-m98ib322g8da6e,https://cf.shopee.co.id/file/id-11134207-7rbk5-m98ib322kgdpfc,https://cf.shopee.co.id/file/id-11134207-7rbkb-m98ib322luy5e0",Taisho,Pets > Pet Food > Aquarium Pet Food
27286549779,Purrsona Yuca Cassava Cat Litter 7L Pasir Singkong Kucing,"Purrsona Yuca Cat Litter 7L Alami, Bersih, & Ramah Lingkungan! Temukan sensasi baru dalam merawat kucing kesayanganmu dengan Yuca Cassava Cat Litter, pasir kucing premium berbahan dasar tepung singkong alami (cassava) yang bebas bahan kimia dan aman bagi kucing dan lingkungan! Keunggulan Yuca Cassava Cat Litter: 1. 100% Natural & Biodegradable Dibuat dari bahan alami singkong – bebas parfum sintetis, pewarna, dan bahan kimia berbahaya. Aman untuk kucing, anak-anak, dan bumi kita. 2. Mengontrol Bau Secara Alami Teknologi serap bau dari cassava mampu menetralkan aroma tidak sedap dari urin dan feses kucing dalam hitungan detik! 3. Gumpal Cepat & Padat (Clumping) Membentuk gumpalan padat saat terkena cairan, sehingga mudah disendok dan menjaga kebersihan kotak pasir lebih lama. 4. Minim Debu, Minim Risiko Formulasi halus tapi tidak berdebu — ideal untuk kucing dengan hidung sensitif dan mengurangi risiko gangguan pernapasan. 5. Flushable (Bisa Dibuang ke Toilet) Karena berbahan alami, Yuca Cat Litter larut dalam air dan bisa dibuang langsung ke toilet – praktis & bebas repot! Cocok Untuk: - Pemilik kucing yang peduli lingkungan - Kucing dengan kulit atau hidung sensitif - Rumah bersih dan bebas bau Ganti pasir biasa kamu dengan Yuca Cassava Cat Litter — solusi alami yang bersih, sehat, dan lebih ramah! Karena kebersihan si meong adalah cermin kasih sayang kita. Spesifikasi ✅ Aroma : Lavender ✅ Ukuran : 7 Liter ✅ Berat : 3 kg ✅ Komposisi : Singkong",105491.00 IDR,in stock,new,https://shopee.co.id/product/262714770/27286549779,https://cf.shopee.co.id/file/id-11134207-7rbk2-m9qt10mrkmjha8,"https://cf.shopee.co.id/file/id-11134207-7rbk3-m9qt10o5k01f50,https://cf.shopee.co.id/file/id-11134207-7rbk5-m9qt10o5lelv78,https://cf.shopee.co.id/file/id-11134207-7rbkd-m9qt10mrkmbm1a",Purrsona,Pets > Litter & Toilet > Cat Litter & Boxes
27175835974,Kaniva Urinary Care Dry Food For All Ages Makanan Kucing,"KANIVA URINARY CARE FOR ALL AGES Makanan kering untuk kucing segala usia, mulai dari kitten sampai dengan kucing dewasa. Memiliki ukuran kibble 0,7 – 0,9 cm, agar mudah dikonsumsi. Diformulasikan khusus untuk perawatan saluran kemih kucing. Terbuat dari daging ayam pilihan terbaik dengan kandungan cranberry serta minyak biji labu. Sangat bagus untuk mendukung kesehatan saluran kemih. Telah diuji untuk pencernaan dan kontrol PH urin oleh Fakultas Kedokteran Hewan Universitas Kasetsart. KEUNGGULAN : ✅ Mendukung Kesehatan Saluran Kemih Minyak cranberry dan biji labu merupakan sumber antioksidan yang membantu kesehatan saluran kemih dan mencegah infeksi. ✅ Mengandung salmon oil & evening primrose oil ✅ Kaya akan OMEGA 3 & 6 untuk kesehatan kulit dan bulu ✅ Kadar pH Urin Optimal 6,0 - 6,4 Kadar mineral dan asam amino yang optimal sehingga menghasilkan pH urin 6,0 – 6,4 untuk menunjang kesehatan saluran kemih. ✅ Mengurangi Kemungkinan Struvite dan Kalsium Oksalat Menurunkan kadar magnesium dan kalsium, mengurangi kemungkinan batu struvite dan kalsium oksalat. ✅ Membantu perawatan sendi dan mobilitas ✅ Sangat Mudah Dicerna Menggunakan bahan-bahan berkualitas tinggi dan tanpa tambahan gluten jagung, gandum, dan gandum yang dapat menyebabkan iritasi lambung. Nilai gizi: Protein min. 30% Fat min. 15% Fiber max. 5.5% Moisture max. 8.5% Taurine min. 0.10% Key Ingredients: Chicken, Turkey, Rice Nutrition: Chicken meal, Rice, Tapioca flour, Tallow, Turkey meal, Chicken hydrolysate, Digested animal protein, Sun flower oil, Cellulose powder, Salmon oil, Essential vitamins supplement (Vitamin A, Vitamin D3, Vitamin E, Vitamin C, Nicotinic acid, Vitamin B1, Vitamin B6, Pantothenic acid, Vitamin B2, Vitamin K3, Folic acid, Biotin, Vitamin B12) Essential trace minerals supplement (Iron, Zinc, Copper, Manganese, Iodine, Selenium), Choline chloride, Potassium chloride, Whole egg powder, Psyllium seed husk, Yeast product (Source of Beta glucan, Mannan oligosaccharide and Nucleotides), Sodium bisulfate, Canola oil, Cranberry powder, Methionine, Lecithin, Pumpkin seed oil, Taurine, L-Lysine, Mannan oligosaccharide, L-Tyrosine, Evening primrose oil, Enzyme, Preservative agent (Propionic acid), Hydrated sodium calcium aluminum silicate and Esterified glucomannan, Shark cartilage powder, Yucca schidigera extract, Rosemary extract, Quillaja saponaria powder. KANIVA made in Thailand",50000.00 IDR,in stock,new,https://shopee.co.id/product/262714770/27175835974,https://cf.shopee.co.id/file/id-11134207-7rasb-m63thl7gurh932,"https://cf.shopee.co.id/file/id-11134207-7rasd-m63pymr1h5el92,https://cf.shopee.co.id/file/id-11134207-7rasi-m63thl7grycd79,https://cf.shopee.co.id/file/id-11134207-7rash-m63thl7gurjc2e,https://cf.shopee.co.id/file/id-11134207-7rasj-m63thl7gryeg83",Kaniva,Pets > Pet Food > Cat Food
27168145157,Underpad One Pet by Onemed Perlak Hewan isi 10 lembar,"Underpad One Pet by Onemed Perlak/Alas Hewan Peliharaan Underpad/perlak yang didesain khusus untuk hewan. Underpad ini cocok digunakan oleh kucing, anjing, kelinci, hamster, marmot, dan lain-lain. Kegunaan: - Sebagai perlak kencing untuk hewan. - Latihan agar hewan tidak kencing dan poop sembarangan. - Sebagai alas kandang. - Tatakan untuk hewan melahirkan Keunggulan Underpad One Pet: 1. Ukuran besar 2. Tebal, lembut di kulit, dan nyaman digunakan 3. Daya serap tinggi 4. 3D Diamond Embossed Isi 10 lembar dengan 2 variasi ukuran: - 60x60 cm - 60x90 cm",36698.00 IDR,in stock,new,https://shopee.co.id/product/262714770/27168145157,https://cf.shopee.co.id/file/sg-11134201-7req7-m2t72vvj6ozf97,"https://cf.shopee.co.id/file/sg-11134201-7repz-m2t72vup7wnafd,https://cf.shopee.co.id/file/sg-11134201-7repd-m2t72vuz7i3r10,https://cf.shopee.co.id/file/sg-11134201-7reo0-m2t72vvj6p471d,https://cf.shopee.co.id/file/sg-11134201-7rept-m2t72vwx4nwm37,https://cf.shopee.co.id/file/sg-11134201-7req7-m2t72vvj6ozf97",Onemed,Pets > Litter & Toilet > Dog Training Pads & Trays
27159643651,Royal Canin Hair & Skin Care 10kg Dry Food Makanan Kucing,"ROYAL CANIN HAIR & SKIN CARE Untuk Perawatan rambut & kulit. Apa manfaat utama dari solusi nutrisi yang ditargetkan ini? HAIR &SKIN CARE adalah formula nutrisi seimbang yang membantu menjaga kesehatan kulit dan bulu. Diformulasi dengan: - Kompleks nutrisi eksklusif yang membantu mendukung peran pelindung kulit. - Protein berkualitas tinggi dengan asam amino spesifik membantu meningkatkan pertumbuhan rambut yang sehat dan pembaharuan kulit. - Asam lemak Omega 3 dan Omega 6 karena efek menguntungkannya pada kesehatan kulit dan kondisi bulu. Kondisi bulu buruk? Apakah kucing Anda memiliki kondisi bulu yang buruk? Sel-sel kulit terus diperbarui dan memiliki kebutuhan nutrisi yang signifikan. Beberapa kucing memiliki kulit sensitif yang tercermin dari kondisi bulu yang buruk, namun dapat didukung dengan keseimbangan nutrisi yang tepat. Hasil terbukti dalam 21 hari, bulu sehat berkilau, efek nyata asam amino &vitamin, omega 3 & 6. Hasil yang terbukti: penggunaan eksklusif perawatan rambut & kulit memberikan peningkatan kilau bulu yang signifikan setelah 21 hari*. *Studi internal Royal Canin, 2006. Kesehatan saluran kemih Diformulasikan dengan keseimbangan mineral untuk membantu menjaga kesehatan sistem saluran kemih kucing dewasa.",1600000.00 IDR,in stock,new,https://shopee.co.id/product/262714770/27159643651,https://cf.shopee.co.id/file/id-11134207-7r992-lzk77vugcp26e9,"https://cf.shopee.co.id/file/id-11134207-7r98z-lzk77vugfi7249,https://cf.shopee.co.id/file/id-11134207-7r98p-lzk77vuge3mm93",Royal Canin,Pets > Pet Food > Cat Food
26975905479,"Kaniva Lamb, Tuna and Rice Dry Food For All Ages Makanan Kucing","KANIVA LAMB, TUNA & RICE DRY FOOD CAT FOOD FOR ALL AGES Makanan kering untuk kucing segala usia, mulai dari kitten hingga Dewasa (Adult). Dengan ukuran kibble 0,7 – 0,9 cm, sehingga mudah dikonsumsi kucing. Diformulasikan khusus dari daging domba pilihan terbaik untuk keseimbangan, meningkatkan pembentukan otot dan vitalitas. Minyak salmon dan minyak Evening Primrose - kombinasi omega 3 dan 6, vitamin, mineral, dan nutrisi penting akan semakin menjaga kesehatan dan kebugaran kucing Anda secara keseluruhan. KEUNGGULAN: ✅ Mengandung salmon oil & evening primrose oil - Minyak Salmon: Kaya Omega-3 meningkatkan kesehatan kulit dan bulu, mengurangi pembengkakan dan peradangan secara keseluruhan. - Evening Primrose Oil: Kaya Omega-6, bermanfaat bagi hewan peliharaan dengan bulu kering dan kusam, serta kulit kering dan bersisik. ✅ Membantu memberikan kulit yang sehat dan bulu yang berkilau ✅ Mencegah hairball ✅ Tidak mengandung gandum dan jagung Nilai gizi: Protein min. 30% Fat min. 17% Fiber max. 5.0% Moisture max. 8.5% Taurine min. 0.10% Key Ingredients: Lamb, Tuna, Rice Nutrition: Lamb meal, Rice, Soy bean meal, Poultry meal, Tapioca flour, Tallow, Fish meal, Tuna meal, Digested animal protein, Sun flower oil, Edible fiber (Cellulose fiber), Salmon oil, Monosodium phosphate, Essential vitamins supplement (Vitamin A, Vitamin D3, Vitamin E, Vitamin C, Nicotinic acid, Vitamin B1, Vitamin B6, Pantothenic acid, Vitamin B2, Vitamin K3, Folic acid, Biotin, Vitamin B12) Essential trace minerals supplement (Iron, Zinc, Copper, Manganese, Iodine, Selenium), Canola oil, Whole egg powder, Choline chloride, Psyllium seed husk, Salt, Methionine, Lecithin, Taurine, L-Lysine, Mannan oligosaccharide, L-Tyrosine, Evening primrose oil, Enzyme, Preservative agent (Propionic acid), Hydrated sodium calcium aluminum silicate and Esterified glucomannan, Shark cartilage powder, Yucca schidigera extract. KANIVA made in Thailand",52267.00 IDR,in stock,new,https://shopee.co.id/product/262714770/26975905479,https://cf.shopee.co.id/file/id-11134207-7rasj-m64y0qj0se8ma1,"https://cf.shopee.co.id/file/id-11134207-7rask-m64y0qj0qzo696,https://cf.shopee.co.id/file/id-11134207-7rasm-m64y0qj0v7di3e,https://cf.shopee.co.id/file/id-11134207-7rase-m64y0qj0tst28e",Kaniva,Pets > Pet Food > Cat Food
26954316774,Galon/Dispenser Hewan Tempat Makan Minum Kucing Anjing Pet Feeder,"Halo! Selamat datang di Central Cat's.. Kami menjual berbagai macam kebutuhan serta keperluan hewan peliharaan kamu.. Selamat berbelanja! Dispenser Pet Feeder 3.8L Galon/Dispenser Tempat Makan Minum Hewan Dispenser/Galon dengan kapasitas 3.8L ini memudahkan Anda dalam menyiapkan secara langsung minuman/makanan untuk hewan peliharaan Anda. Spesifikasi: - Bahan Food Grade Plastik - Model : Drinking/Feeding - Volume : 3.8L - Sistem auto feeding (makanan/minuman keluar secara otomatis) - Perawatan mudah, galon bisa dilepas dan dicuci *warna dikirim random",110000.00 IDR,in stock,new,https://shopee.co.id/product/262714770/26954316774,https://cf.shopee.co.id/file/sg-11134201-7rd5b-lx81udcd3zhi9b,"https://cf.shopee.co.id/file/sg-11134201-7rd4c-lx81ud23j05mbf,https://cf.shopee.co.id/file/sg-11134201-7rd6a-lx81ud7navly58,https://cf.shopee.co.id/file/sg-11134201-7rd4t-lx81uci4c87zc5,https://cf.shopee.co.id/file/sg-11134201-7rd5x-lx81ucwts492ad,https://cf.shopee.co.id/file/sg-11134201-7rd6t-lx81ucqq11nj3d",Central Cat's,Pets > Pet Accessories > Bowls & Feeders
26884109848,"Kaniva Salmon, Tuna, and Rice Dry Food For All Ages Makanan Kucing","KANIVA SALMON, TUNA & RICE DRY FOOD CAT FOOD FOR ALL AGES Makanan kering untuk kucing segala usia, mulai dari kitten hingga Dewasa (Adult). Dengan ukuran kibble 0,7 – 0,9 cm, sehingga mudah dikonsumsi kucing. Diformulasikan khusus dari daging salmon pilihan terbaik untuk kesehatan, meningkatkan pertumbuhan, dan menstimulasi pembentukan otot. Minyak salmon dan minyak Evening Primrose - kombinasi omega 3 dan 6, vitamin, mineral, dan nutrisi penting akan semakin menjaga kesehatan dan kebugaran kucing Anda secara keseluruhan. KEUNGGULAN: - Mengandung salmon oil & evening primrose oil - Minyak Salmon: Kaya Omega-3 meningkatkan kesehatan kulit dan bulu, mengurangi pembengkakan dan peradangan secara keseluruhan. - Evening Primrose Oil: Kaya Omega-6, bermanfaat bagi hewan peliharaan dengan bulu kering dan kusam, serta kulit kering dan bersisik. - Membantu memberikan kulit yang sehat dan bulu yang berkilau - Mencegah hairball - Tidak mengandung gandum dan jagung Nilai gizi: Protein min. 30% Fat min. 17% Fiber max. 5% Moisture max. 8.5% Taurine min. 0.10% Key Ingredients: Salmon, Tuna, Rice Nutrition: Salmon hydrolysate, Rice, Soy bean meal, Poultry meal, Tapioca flour, Tallow, Fish meal, Tuna meal, Digested animal protein, Sun flower oil, Edible fiber (Cellulose fiber), Salmon oil, Essential vitamins supplement (Vitamin A, Vitamin D3, Vitamin E, Vitamin C, Nicotinic acid, Vitamin B1, Vitamin B6, Pantothenic acid, Vitamin B2, Vitamin K3, Folic acid, Biotin, Vitamin B12) Essential trace minerals supplement (Iron, Zinc, Copper, Manganese, Iodine, Selenium), Canola oil, Whole egg powder, Choline Chloride, Psyllium seed husk, Salt, Methionine, Lecithin, Taurine, Dicalcium phosphate, L-Lysine, Mannan oligosaccharide, L-Tyrosine, Evening primrose oil, Enzyme, Preservative agent (Propionic acid), Hydrated sodium calcium aluminum silicate and Esterified glucomannan, Shark cartilage powder, Yucca schidigera extract. KANIVA made in Thailand",52267.00 IDR,in stock,new,https://shopee.co.id/product/262714770/26884109848,https://cf.shopee.co.id/file/sg-11134201-7req5-m8sjgsttai5530,"https://cf.shopee.co.id/file/sg-11134201-7reow-m8sj3imj5spu73,https://cf.shopee.co.id/file/sg-11134201-7repe-m8sj3in3248748,https://cf.shopee.co.id/file/sg-11134201-7repf-m8sj3im97k4n4e,https://cf.shopee.co.id/file/sg-11134201-7repf-m8sj3ikl5s7p5a",Kaniva,Pets > Pet Food > Cat Food
26573669912,Kaniva Grain Free Indoor Formula Dry Food For All Ages Makanan Kucing,"KANIVA GRAIN FREE INDOOR FORMULA DRY FOOD FOR ALL AGES Makanan kering untuk kucing segala usia, mulai dari kitten hingga Dewasa (Adult). Memiliki ukuran kibble 0,7 – 0,9 cm, agar mudah dikonsumsi. Kibble dengan bahan-bahan NON-GMO termasuk kalkun asli sebagai bahan utama yang ditambah dengan tuna, minyak salmon dan minyak Evening Primrose - kombinasi omega 3 dan 6, vitamin, mineral, dan nutrisi penting akan semakin menjaga kesehatan dan kebugaran kucing Anda secara keseluruhan. Keunggulan: ✅ NON-GMO, Menggunakan bahan-bahan alami yang belum dimodifikasi secara genetik untuk mengurangi alergen makanan. ✅ Mengandung Sinbiotik (Prebiotik + Probiotik), Membantu meningkatkan sistem pencernaan dan mendukung sistem kekebalan tubuh. ✅ Mengandung Superfood, Membantu meningkatkan nilai gizi dan memberikan Antioksidan (antioksidan). ✅ Mengandung Mineral Organik (Kompleks Asam Amino) yang mudah diserap. ✅ Mengandung L-lysine dan Beta-glucan untuk membantu memperkuat sistem kekebalan tubuh. ✅ Mengendalikan bau kotoran ✅ Mengendalikan berat badan yang sehat ✅ Tidak mengandung biji-bijian, beras, jagung, gluten, gandum dan kedelai. Nilai gizi: Protein min. 32% Fat min. 15% Fiber max. 6.5% Moisture max. 8.5% Taurine min. 0.10% Key Ingredients: Turkey, Salmon, Whole Eggs Nutrition: Turkey meal, Chicken meal, Tapioca, Pea protein, Tapioca flour, Sweet potato powder, Tallow, Fish meal, Cellulose powder, Salmon hydrolysate, Digested animal protein, Salmon oil, Yeast product (Source of Beta glucan, Mannan oligosaccharide and Nucleotides), Potassium chloride, Choline chloride, Essential vitamins supplement (Vitamin A, Vitamin D3, Vitamin E, Vitamin C, Nicotinic acid, Vitamin B1, Vitamin B6, Pantothenic acid, Vitamin B2, Vitamin K3, Folic acid, Biotin, Vitamin B12) Essential trace minerals supplement (Iron, Zinc, Copper, Manganese, Iodine, Selenium), Sun flower oil, Whole egg powder, Psyllium seed husk, Canola oil, Algae powder, Lecithin, Taurine, L-Lysine, Mannan oligosaccharide, L-Tryptophan, Probiotic (Bacillus subtilis), Methionine, Manganese amino acid complex, Zinc amino acid complex, Copper amino acid complex, Potassium iodide, Zinc-L-selenomethionine complex, Enzyme, Preservative agent (Propionic acid), Hydrated sodium calcium aluminum silicate and Esterified glucomannan, Shark cartilage powder, Quillaja saponaria extract, L-Carnitine, Evening primrose oil, Yucca schidigera extract, Cranberry powder, Rosemary extract. KANIVA made in Thailand",50000.00 IDR,in stock,new,https://shopee.co.id/product/262714770/26573669912,https://cf.shopee.co.id/file/id-11134207-7rasm-m63phcba6kfc73,"https://cf.shopee.co.id/file/sg-11134201-7ra1d-m52ozhfgstpwec,https://cf.shopee.co.id/file/sg-11134201-7ra1m-m52ozhhyp7m290,https://cf.shopee.co.id/file/sg-11134201-7ra1d-m52ozhewv2zibf,https://cf.shopee.co.id/file/sg-11134201-7ra10-m52ozhguqsem86",Kaniva,Pets > Pet Food > Cat Food
26285689995,Happy Cat Vet Struvit Urinary Dry Food Makanan Kucing,"HAPPY CAT VET DIET STRUVIT DRY FOOD Makanan Khusus Untuk Kucing dengan Batu Struvit Happy Cat VET Diet Struvit adalah makanan lengkap khusus kucing dewasa untuk melarutkan batu struvite dan untuk mengurangi kekambuhan batu struvit pada kucing dewasa. Pakan ini cocok untuk kucing yang menderita sindrom urologik kucing (FUS). Fungsi utama pakan ini adalah protein berkualitas tinggi, jumlah fosfor dan magnesium yang dikurangi, dan properti yang mengasamkan urin. Pakan ini secara nyata dapat menurunkan pH urin. Tingkat natrium yang sedikit meningkat membantu meningkatkan konsumsi air dan dengan demikian membilas saluran kemih. Tumbuhan yang dikandungnya: dandelion dan jelatang, secara tradisional digunakan untuk melengkapi perawatan saluran kemih. - Jumlah sedang dari protein yang dikombinasikan dengan magnesium dan fosfor tereduksi - Berkontribusi pada pembubaran batu struvit dan pengurangan kekambuhan batu struvit - Tingkat natrium yang sedikit meningkat mendorong peningkatan konsumsi air dan dengan demikian pembilasan saluran kemih - Sifat pengasaman urin membantu mengurangi pH urin Nilai Gizi: Protein kasar 36,0% Lemak kasar 15,0% serat kasar 2,5% Abu 5,0% Kalsium 0,45% Fosfor 0,4% Natrium 0,4% Kalium 0,7% Magnesium 0,06% Klorida 0,9% Sulfur 0,6% Asam lemak omega-6 3,5% Asam lemak omega-3 0,4% Komposisi: Tepung daging, beras, tepung beras, lemak unggas, tepung kentang, protein kentang*, protein unggas*, wortel*, minyak bunga matahari, hidrolisat ikan*, selulosa, kalsium karbonat, biji rami, kalium klorida, minyak kanola, jagung, ragi*, natrium klorida, rumput laut*, ragi* (ekstrak), bubuk sawi putih, yucca schidigera, daging kerang*, daging kerang*, milk thistle, artichoke, dandelion (0,008 %), jahe, daun birch, jelatang menyengat (0,008%), kamomil, ketumbar, rosemary, sage, akar liquorice, thyme (total produk kering dari pengolahan herbal: 0,07%) *) dikeringkan, **) dikeringkan, sebagian",76516.00 IDR,in stock,new,https://shopee.co.id/product/262714770/26285689995,https://cf.shopee.co.id/file/sg-11134201-7rfi8-m98fk7v6xode61,"https://cf.shopee.co.id/file/sg-11134201-7rfgy-m98fdxim4ofbae,https://cf.shopee.co.id/file/sg-11134201-7rffp-m98fdxiw4be156,https://cf.shopee.co.id/file/sg-11134201-7rfh0-m98fdxg48blse7,https://cf.shopee.co.id/file/sg-11134201-7rfhb-m98fdxiw5q5e1c",Happy Cat,Pets > Pet Food > Cat Food
26269786835,Happy Cat Minkas Urinary Care 10kg Makanan Kucing,"Happy Cat Minkas Urinary Care Adult 10kg Makanan kucing Happy Cat Minkas Urinary Care untuk kucing dewasa di atas umur 1 tahun. Happy Cat Minkas Urinary Care mengandung protein dan mineral yang seimbang untuk menjaga kesehatan saluran kemih kucing dewasa. Kadar fosfor dan magnesium yang rendah menjaga nilai pH urin sehingga mencegah penyakit saluran kemih (FUS/FLUTD). - Kadar protein 32% dan lemak 12%. - Kandungan protein dan mineral seimbang untuk menjaga saluran kemih yang sehat. - Mendukung pH urin yang ideal untuk mencegah resiko penyakit saluran kemih. - Ukuran kibble sedang: 10 mm x 6 mm. Nilai gizi: Protein 32%, lemak 12%, serat kasar 2.5%, abu kasar 7.0%, kalsium 1.1%, fosfor 0.8%, sodium 0.4%, kalium 0.6%, magnesium 0.08%, Omega-6 2.5%, Omega-3 0.25%.",987800.00 IDR,in stock,new,https://shopee.co.id/product/262714770/26269786835,https://cf.shopee.co.id/file/id-11134207-7rasc-m3eoicybbba4dd,"https://cf.shopee.co.id/file/id-11134207-7rasg-m3eoicybcpuk1c,https://cf.shopee.co.id/file/id-11134207-7rasd-m3eoicybe4f0f2",Happy Cat,Pets > Pet Food > Cat Food
26173668759,Kaniva Mother Cat & Kitten Wet Food Canned,"KANIVA MOTHER CAT & KITTEN WET FOOD CANNED Makanan basah untuk induk kucing dan anak kucing dengan tekstur yang creamy, agar mudah dikonsumsi secara langsung. Serta bisa juga untuk pemberian makan menggunakan suntikan makanan. Diformulasikan khusus untuk induk kucing baik pada masa kehamilan maupun menyusui, dan anak kucing usia 3 minggu sampai 1 tahun. Terbuat dari daging ayam pilihan terbaik dengan kandungan kolostrum dan DHA yang tinggi. Sangat bagus untuk pembentukan dan meningkatkan sistem imun/kekebalan tubuh serta perkembangan otak dan meningkatkan kemampuan belajar. Komposisi: - Mengandung salmon oil & evening primrose oil - Kaya akan OMEGA 3 & 6 untuk kesehatan kulit dan bulu - Mengandung lebih banyak kolostrum untuk pembentukan imunitas - Mengandung lebih banyak DHA untuk perkembangan otak - Tidak mengandung gandum - Tidak mengandung jagung",21465.00 IDR,in stock,new,https://shopee.co.id/product/262714770/26173668759,https://cf.shopee.co.id/file/id-11134207-7rasi-m52ldoaxe85v63,"https://cf.shopee.co.id/file/sg-11134201-7ra1r-m52ohu6ucxj418,https://cf.shopee.co.id/file/sg-11134201-7ra2k-m52ohu8sbfyv7a,https://cf.shopee.co.id/file/sg-11134201-7ra0j-m52ohu8idala05",Kaniva,Pets > Pet Food > Cat Food
26104323036,Central Cat's Bowl Single Gantung Pumpkin Tempat Makan Minum Kucing Anjing,"Halo! Selamat datang di Central Cat's.. Kami menjual berbagai macam kebutuhan serta keperluan hewan peliharaan kamu.. Selamat berbelanja! Pet Bowl Hanging Pumpkin Tempat makan/minum gantung hewan bentuk Pumpkin - Tempat makan dan minum bentuk pumpkin untuk gantung di kandang. - Material premium aman untuk hewan peliharaan anda. - Mangkok stainless yang bisa di lepas sehingga mudah dibersihkan. Size : diameter 10cm tinggi 3,5cm *warna yang dikirim random",25000.00 IDR,in stock,new,https://shopee.co.id/product/262714770/26104323036,https://cf.shopee.co.id/file/id-11134207-7r98u-lxi4fy7p43zi3d,"https://cf.shopee.co.id/file/sg-11134201-7rd6x-lx82qmujfequ69,https://cf.shopee.co.id/file/sg-11134201-7rd3z-lx82qmci4edm93,https://cf.shopee.co.id/file/sg-11134201-7rd4p-lx82qml3rssm53,https://cf.shopee.co.id/file/sg-11134201-7rd5t-lx82qmdc36fc02,https://cf.shopee.co.id/file/sg-11134201-7rd5j-lx82qmzt7p4907,https://cf.shopee.co.id/file/sg-11134201-7rd6s-lx82qmlxql40be",Central Cat's,Pets > Pet Accessories > Bowls & Feeders
26025919299,Kaniva Growth and Balance Dry Food For All Ages Makanan Kucing,"KANIVA GROWTH & BALANCE DRY FOOD CAT FOOD FOR ALL AGES Makanan kering untuk kucing segala usia, mulai dari kitten sampai dengan kucing dewasa. Memiliki ukuran kibble 0,7 – 0,9 cm, agar mudah dikonsumsi. Diformulasikan khusus untuk mendukung pembentukan otot, meningkatkan pertumbuhan, dan keseimbangan. Terbuat dari daging ayam pilihan terbaik dengan kandungan tulang rawan hiu untuk menutrisi kekuatan tulang dan kesehatan sendi. KEUNGGULAN : ✅ Mengandung salmon oil & evening primrose oil - Minyak Salmon: Kaya Omega-3 meningkatkan kesehatan kulit dan bulu, mengurangi pembengkakan dan peradangan secara keseluruhan. - Evening Primrose Oil: Kaya Omega-6, bermanfaat bagi hewan peliharaan dengan bulu kering dan kusam, serta kulit kering dan bersisik. ✅ Membangun otot dan meningkatkan pertumbuhan secara alami ✅ Mencegah hairball ✅ Tulang rawan hiu membantu menutrisi untuk kekuatan tulang dan kesehatan sendi ✅ Dengan kandungan tambahan ayam dan telur, ekstrak alami dan mineral organik ✅ Tidak mengandung gandum dan jagung ✅ Rendah sodium Nilai gizi: Protein min. 32% Fat min. 17% Fiber max. 5.5% Moisture max. 8.5% Taurine min. 0.10% Key Ingredients: Chicken, Whole Eggs, Rice Nutrition: Chicken meal, Rice, Soy bean meal, Tapioca, Tallow, Fish meal, Digested animal protein, Whole egg powder, Sun flower oil, Chicken hydrolysate, Cellulose powder, Salmon oil, Vitamins supplement (Vitamin A, Vitamin D3, Vitamin E, Vitamin C, Nicotinic acid, Vitamin B1, Vitamin B6, Pantothenic acid, Vitamin B2, Vitamin K3, Folic acid, Biotin, Vitamin B12) Minerals supplement (Iron, Zinc, Copper, Manganese, Iodine, Selenium), Choline chloride, Canola oil, Lecithin, Taurine, Potassium chloride, Salt, L-Lysine, Mannan oligosaccharide, Methionine, Iron proteinate, Zinc proteinate, Manganese proteinate, Copper proteinate, Selenium yeast, Evening primrose oil, Enzyme, Shark cartilage powder, Preservative agent (Propionic acid), Hydrated sodium calcium aluminum silicate and Esterified glucomannan, Yucca schidigera extract, Natural mixed tocopherols, Quillaja saponaria powder. KANIVA made in Thailand",50000.00 IDR,in stock,new,https://shopee.co.id/product/262714770/26025919299,https://cf.shopee.co.id/file/id-11134207-7ras9-m63thl7h4ligbd,"https://cf.shopee.co.id/file/id-11134207-7rask-m63thl7gyz8o0b,https://cf.shopee.co.id/file/id-11134207-7rask-m63thl7gw63s04,https://cf.shopee.co.id/file/id-11134207-7ras8-m63thl7gxko8de",Kaniva,Pets > Pet Food > Cat Food
25958696480,"Markotops Pasir Gumpal Kucing 5,5L","Halo! Selamat datang di Central Cat's.. Kami menjual berbagai macam kebutuhan serta keperluan hewan peliharaan kamu.. Selamat berbelanja! Markotops Bentonite Cat Litter Pasir Gumpal Wangi untuk Kucing ✓ Natural / Alami ✓ Low Dust / Minim Debu ✓ Fast Clumping / Cepat Menggumpal ✓ Odor Control / Mengontrol Bau Varian Aroma: - Lavender - Cappucino - Lemon - Apple - Sakura Rose Isi 5,5L",36820.00 IDR,in stock,new,https://shopee.co.id/product/262714770/25958696480,https://cf.shopee.co.id/file/sg-11134201-7rblv-lqk52dt0v2hs7f,"https://cf.shopee.co.id/file/sg-11134201-7rblo-lqk52d3hwf9hc3,https://cf.shopee.co.id/file/sg-11134201-7rbmz-lqk52cyi54tmff,https://cf.shopee.co.id/file/sg-11134201-7rbmo-lqk52dcxk0u2d1,https://cf.shopee.co.id/file/sg-11134201-7rbkj-lqk52cy8451gbb",Markotops,Pets > Litter & Toilet > Others
25957658254,Royal Canin Mother and Babycat 400gr Dry Food Makanan Kucing,"ROYAL CANIN MOTHER AND BABYCAT DUKUNGAN SISTEM KEKEBALAN Antara 4 dan 12 minggu setelah kelahiran, kekebalan alami yang diperoleh dari kolostrum ibu menurun secara bertahap. MOTHER & BABYCAT membantu mendukung pertahanan alami anak kucing yang masih sangat kecil dengan kompleks antioksidan eksklusif termasuk vitamin E. PENYAPIHAN MUDAH KHUSUS Kibble yang diadaptasi dan mudah direhidrasi untuk memfasilitasi peralihan dari susu ke makanan padat. KESEHATAN PENCERNAAN Peningkatan toleransi pencernaan dengan protein yang sangat mudah dicerna (L.I.P.*) dan prebiotik. *Protein dipilih karena daya cernanya yang sangat tinggi. DIPERKAYA DENGAN DHA Selama masa kehamilan dan menyusui, DHA membantu mendukung perkembangan selebral anak kucing.",78469.00 IDR,in stock,new,https://shopee.co.id/product/262714770/25957658254,https://cf.shopee.co.id/file/sg-11134201-7rblr-lqbt5ilrijid33,"https://cf.shopee.co.id/file/sg-11134201-7rbn8-lqbt5il7jcdi26,https://cf.shopee.co.id/file/sg-11134201-7rbkc-lqbt5irv9lz859",Royal Canin,Pets > Pet Food > Cat Food
25640535932,Kaniva Skin and Coat Dry Food For All Ages Makanan Kucing,"KANIVA SKIN & COAT DRY FOOD CAT FOOD FOR ALL AGES Makanan kering untuk kucing segala usia, mulai dari kitten hingga Dewasa (Adult). Memiliki ukuran kibble 0,7 – 0,9 cm, agar mudah dikonsumsi. Diformulasikan khusus untuk kulit lebih sehat dan bulu yang berkilau. Terbuat dari daging tuna pilihan terbaik dengan kandungan minyak krill, baik dalam membantu penyerapan nutrisi. Serta tulang rawan hiu untuk mendukung kesehatan tulang dan sendi. Keunggulan: ✅ Mengandung minyak krill, salmon oil & evening primrose oil - Minyak Salmon: Kaya Omega-3 meningkatkan kesehatan kulit dan bulu, mengurangi pembengkakan dan peradangan secara keseluruhan. - Evening Primrose Oil: Kaya Omega-6, bermanfaat bagi hewan peliharaan dengan bulu kering dan kusam, serta kulit kering dan bersisik. - Minyak Krill: Kaya Omega-3, EPA dan DHA meningkatkan kekebalan dan kesehatan kulit dan bulu. ✅ Membantu memberikan kulit yang sehat dan bulu yang berkilau ✅ Mudah dicerna ✅ Mencegah hairball ✅ Tulang rawan hiu membantu menutrisi untuk kekuatan tulang dan kesehatan sendi. ✅ Rendah Sodium ✅ Tidak mengandung gandum dan jagung Nilai gizi: Protein min. 30% Fat min. 17% Fiber max. 5.5% Moisture max. 8.5% Taurine min. 0.10% Key Ingredients: Tuna, Ocean Fish, Rice Nutrition: Tuna meal, Rice, Soy bean meal, Tapioca flour, Poultry meal, Tallow, Digested animal protein, Fish meal, Tuna hydrolysate, Sun flower oil, Cellulose powder, Salmon oil, Essential vitamins supplement (Vitamin A, Vitamin D3, Vitamin E, Vitamin C, Nicotinic acid, Vitamin B1, Vitamin B6, Pantothenic acid, Vitamin B2, Vitamin K3, Folic acid, Biotin, Vitamin B12) Essential trace minerals supplement (Iron, Zinc, Copper, Manganese, Iodine, Selenium), Choline chloride, Bonito powder, Canola oil, Whole egg powder, Potassium chloride, Psyllium seed husk, Methionine, Lecithin, Taurine, Salt, L-Lysine, Mannan oligosaccharide, L-Tyrosine, Evening primrose oil, Krill oil, Enzyme, Shark cartilage powder, Preservative agent (Propionic acid), Hydrated sodium calcium aluminum silicate and Esterified glucomannan, Yucca schidigera extract. KANIVA made in Thailand",54709.00 IDR,in stock,new,https://shopee.co.id/product/262714770/25640535932,https://cf.shopee.co.id/file/id-11134207-7rask-m63phcba2cq013,"https://cf.shopee.co.id/file/sg-11134201-7ra37-m52q2kv96oymeb,https://cf.shopee.co.id/file/sg-11134201-7ra0u-m52q2kvt5w3k83,https://cf.shopee.co.id/file/sg-11134201-7ra27-m52q2ktb9huf9b,https://cf.shopee.co.id/file/id-11134207-7rasi-m63pymr1fqu5ff",Kaniva,Pets > Pet Food > Cat Food
25628114671,Vitasong Perkutut Bird Seed 250gr Makanan Burung Perkutut Love Bird Parkit,"VITASONG BIRD SEED PERKUTUT Vitasong Bird Seed Perkutut merupakan pakan yang memiliki keseimbangan nutrisi yang optimal dengan multivitamin dan mineral serta diperkaya dengan antioksidan, asam lemak dan asam amino essential. Vitasong Bird Seed Perkutut membantu mendukung kesehatan dan membuat burung kesayangan Anda tidak mudah stress. Cocok untuk burung Perkutut Lokal/Bangkok, Parkit, Love Bird Vitasong Bird Seed Perkutut memiliki komposisi yaitu biji kenari, milet putih, milet merah, biji godem, gabah padi, ginseng, antioksidan, madu, anise flavor, telur, vitamin (A, D3, E, C, Multivitamin B Kompleks) dan mineral (Kalsium, Fosfor, Zinc, Selenium, Makro dan Mikro Mineral Organik).",15000.00 IDR,in stock,new,https://shopee.co.id/product/262714770/25628114671,https://cf.shopee.co.id/file/id-11134207-7r98t-luxg6utujxrl65,"https://cf.shopee.co.id/file/id-11134207-7ra0i-mdfotzpkuwxb84,https://cf.shopee.co.id/file/id-11134207-7r98w-luui61dwwayx2d,https://cf.shopee.co.id/file/id-11134207-7r98q-luui61dws39lc0,https://cf.shopee.co.id/file/id-11134207-7r98v-luui61dwthu1d6,https://cf.shopee.co.id/file/id-11134207-7r98t-luui61dwxpjd24",Vitasong,Pets > Pet Food > Bird Feed
25609335374,Proplan Adult Chicken Formula 1kg Repack Makanan Kucing,"PRO PLAN ADULT CHICKEN Kemasan Repack 1kg Pro Plan Adult Chicken adalah makanan kucing dewasa berusia mulai 1 tahun, dengan rasa ayam yang dibuat dari daging ayam asli sebagai bahan baku utama dan diperkaya dengan Probiotik Aktif untuk mendukung kesehatan pencernaan serta daya tahan tubuh kucing kesayanganmu. - Paduan nutrisi khusus untuk membantu menjaga kesehatan ginjal - Makanan kucing yang memberikan nutrisi untuk mendukung kesehatan sendi dan mobilitas yang baik. - Paduan nutrisi untuk kulit dan rambut yang lembut dan berkilau - Antioksidan yang terbukti secara ilmiah untuk pertahanan tubuh - Makanan kucing bulat yang gampang dikunyah dan disukai oleh kucing Komposisi: Daging ayam (daging ayam terdehidrasi-sumber glukosamin alami, daging ayam); beras; gandum utuh; protein jagung; minyak hewani; mineral, vitamin, asam amino, asam organik dan perisa alami (termasuk kalsium, fosfor, sodium, klorida, potasium, magnesium, mangan, tembaga, zink, zat besi, yodium, selenium, vitamin A, vitamin B1, vitamin B2, vitamin B3, asam folat, vitamin B5, vitamin B6, vitamin B12, vitamin C, vitamin D, vitamin E, kolin, arginin, taurin, pirofosfat, beta karoten, perisa alami hati); minyak ikan; produk fermentasi Bacillus coagulans kering dan antioksidan alami.",151974.00 IDR,in stock,new,https://shopee.co.id/product/262714770/25609335374,https://cf.shopee.co.id/file/sg-11134201-7rbke-lqogbgmj1pfv1b,"https://cf.shopee.co.id/file/sg-11134201-7rbkr-lqog4i5hl1up9e,https://cf.shopee.co.id/file/sg-11134201-7rblm-lqog4hxpwf5080,https://cf.shopee.co.id/file/sg-11134201-7rbkh-lqog4ij315zie2,https://cf.shopee.co.id/file/sg-11134201-7rbng-lqog4i9dfdjo98",Pro Plan,Pets > Pet Food > Cat Food
25550562526,Lint Roller Pembersih Bulu Hewan Kucing,"Pakaian anda kotor terkena bulu kucing ? Di Karpet, sofa, kasur, atau tempat lainnya? Gak usah khawatir! Dengan menggunakan Lint Roller ini, semua debu-debu halus dan bulu kucing yang rontok dan juga rambut yang bertebaran di lantai bisa terangkat dengan mudah. Kertas bisa diganti dan dilepas jika sudah tidak lengket. Ukuran besar, terdapat gagang yang sangat pas digenggam tangan. Praktis dan mudah digunakan! *warna dikirim random",10843.00 IDR,in stock,new,https://shopee.co.id/product/262714770/25550562526,https://cf.shopee.co.id/file/id-11134207-7r98z-lnv80dzksd4s06,"https://cf.shopee.co.id/file/id-11134207-7r98s-lnv80dzkxzek40,https://cf.shopee.co.id/file/id-11134207-7r991-lnv80dzkwku49f,https://cf.shopee.co.id/file/id-11134207-7r98y-lnv80dzktrp814,https://cf.shopee.co.id/file/id-11134207-7r990-lnv80dzkv69o0b",Central Cat's,Pets > Pet Accessories > Others
25509320550,Proplan Kitten Chicken Formula 400gr Repack Makanan Kucing,"PRO PLAN KITTEN CHICKEN FORMULA Kemasan Repack 400gr Proplan Kitten Chicken Formula dibuat dari daging ayam asli sebagai bahan baku utamanya. Diperkaya Kolostrum dan nutrisi lainnya, Pro Plan Kitten diperuntukkan bagi anak kucing hingga berusia satu tahun untuk membantu mengoptimalkan sistem imun serta tumbuh kembangnya. Manfaat : 1. Kolostrum - nutrisi untuk perkembangan sistem imun tubuh yang sehat pada anak kucing. 2. DHA, juga dapat ditemukan dalam susu induk, guna mendukung perkembangan otak. 3. Mendukung kesehatan tulang, gigi dan perkembangan otot. 4. Terbukti secara klinis kandungan antioksidan untuk pertahanan tubuh. Komposisi Daging Ayam (daging ayam terdehirasi, ayam); beras; minyak hewani; daging salmon terdehidrasi; gandum utuh; protein jagung; daging tuna terdehidrasi; mineral, vitamin, asam amino, asam organik dan perisa alami (termasuk kalsium, fosfor, sodium, klorida, potasium, magnesium, mangan, tembaga, zink, zat besi, yodium, selenium, vitamin A, vitamin B1, vitamin B2, vitamin B3, asam folar, vitamin B5, vitamin B6, vitamin B12, vitamin C, vitamin D, vitamin E, kolin, metionin, taurin, pirofosfat); minyak ikam; kolostrum dan antioksidan alami.",70091.00 IDR,in stock,new,https://shopee.co.id/product/262714770/25509320550,https://cf.shopee.co.id/file/id-11134207-7r98s-lqof75goq4p103,"https://cf.shopee.co.id/file/id-11134207-7r990-lqof75gorj9h8b,https://cf.shopee.co.id/file/id-11134207-7r98q-lqoacjd7z8jq34,https://cf.shopee.co.id/file/id-11134207-7r98z-lqof75gosxtx0e,https://cf.shopee.co.id/file/id-11134207-7r98y-lqof75gooq4l15,https://cf.shopee.co.id/file/id-11134207-7r98s-lqof75gonbk555",Pro Plan,Pets > Pet Food > Cat Food
25431323942,Micromax Flu Cat Power Obat Flu Kucing,FLU CAT POWER By Micromax Suplemen + Antibiotik Manfaat: 1. Meringankan gejala Flu pada kucing 2. Menambah nafsu makan pada kucing sakit 3. Memberikan nutrisi tambahan 4. Membuat kucing jadi lebih aktif 5. Formula khusus imun booster dan antibiotik 6. Mudah diberikan dan rasa disukai kucing 7. Tidak membuat trauma saat pemberian obat Aturan Pakai Flu Cat KITTEN: Usia 1-2 bulan = 1-2 kapsul sehari Usia 3-6 bulan = 3-4 kapsul sehari Usia 7-8 bulan = 4-5 kapsul sehari Aturan Pakai Flu Cat ADULT: Berat Badan 3-4kg = 1-2 kapsul sehari Berat Badan 5-7kg = 3-4 kapsul sehari Berat Badan diatas 8kg = 4-5 kapsul sehari *Hanya untuk kucing yang sedang sakit,40000.00 IDR,in stock,new,https://shopee.co.id/product/262714770/25431323942,https://cf.shopee.co.id/file/sg-11134201-7rd3r-lvsn5p3m7ml91c,"https://cf.shopee.co.id/file/sg-11134201-7rd4p-lvsn5p1eaw7099,https://cf.shopee.co.id/file/sg-11134201-7rd6n-lvsn5p2s8v2e55,https://cf.shopee.co.id/file/id-11134207-7r98o-lyc1m12gfleo70,https://cf.shopee.co.id/file/sg-11134201-7rd5b-lvsn1u4xkgo72e,https://cf.shopee.co.id/file/sg-11134201-7rd6s-lvsn1ty9u7hea9,https://cf.shopee.co.id/file/sg-11134201-823po-mpauismwyi3183,https://cf.shopee.co.id/file/sg-11134201-7rd49-lvsn1u7zg00cfe",Micromax,Pets > Pet Healthcare > Medication
25378125887,Vitasong Perkutut Bird Seed 450gr Makanan Burung Perkutut Love Bird Parkit,"VITASONG BIRD SEED PERKUTUT Vitasong Bird Seed Perkutut merupakan pakan yang memiliki keseimbangan nutrisi yang optimal dengan multivitamin dan mineral serta diperkaya dengan antioksidan, asam lemak dan asam amino essential. Vitasong Bird Seed Perkutut membantu mendukung kesehatan dan membuat burung kesayangan Anda tidak mudah stress. Cocok untuk burung Perkutut lokal/Bangkok, Parkit, Love Bird. Vitasong Bird Seed Perkutut memiliki komposisi yaitu biji kenari, milet putih, milet merah, biji godem, gabah padi, ginseng, antioksidan, madu, anise flavor, telur, vitamin (A, D3, E, C, Multivitamin B Kompleks) dan mineral (Kalsium, Fosfor, Zinc, Selenium, Makro dan Mikro Mineral Organik).",20000.00 IDR,in stock,new,https://shopee.co.id/product/262714770/25378125887,https://cf.shopee.co.id/file/id-11134207-7r98s-luxg6utuij7582,"https://cf.shopee.co.id/file/id-11134207-7ra0n-mdfotzpkticve9,https://cf.shopee.co.id/file/id-11134207-7r990-luui61dx3bt57a,https://cf.shopee.co.id/file/id-11134207-7r992-luui61dx0io9b0,https://cf.shopee.co.id/file/id-11134207-7r991-luui61dwz43t67,https://cf.shopee.co.id/file/id-11134207-7r98u-luui61dx4qdld9",Vitasong,Pets > Pet Food > Bird Feed
25357987832,Royal Canin Hair & Skin Care 2kg Dry Food Makanan Kucing,"ROYAL CANIN HAIR & SKIN CARE Untuk Perawatan rambut & kulit. Apa manfaat utama dari solusi nutrisi yang ditargetkan ini? HAIR &SKIN CARE adalah formula nutrisi seimbang yang membantu menjaga kesehatan kulit dan bulu. Diformulasi dengan: - Kompleks nutrisi eksklusif yang membantu mendukung peran pelindung kulit. - Protein berkualitas tinggi dengan asam amino spesifik membantu meningkatkan pertumbuhan rambut yang sehat dan pembaharuan kulit. - Asam lemak Omega 3 dan Omega 6 karena efek menguntungkannya pada kesehatan kulit dan kondisi bulu. Kondisi bulu buruk? Apakah kucing Anda memiliki kondisi bulu yang buruk? Sel-sel kulit terus diperbarui dan memiliki kebutuhan nutrisi yang signifikan. Beberapa kucing memiliki kulit sensitif yang tercermin dari kondisi bulu yang buruk, namun dapat didukung dengan keseimbangan nutrisi yang tepat. Hasil terbukti dalam 21 hari, bulu sehat berkilau, efek nyata asam amino &vitamin, omega 3 & 6. Hasil yang terbukti: penggunaan eksklusif perawatan rambut & kulit memberikan peningkatan kilau bulu yang signifikan setelah 21 hari*. *Studi internal Royal Canin, 2006. Kesehatan saluran kemih Diformulasikan dengan keseimbangan mineral untuk membantu menjaga kesehatan sistem saluran kemih kucing dewasa.",322175.00 IDR,in stock,new,https://shopee.co.id/product/262714770/25357987832,https://cf.shopee.co.id/file/id-11134207-7r992-lqebgu3wqt8fa6,"https://cf.shopee.co.id/file/id-11134207-7r991-lqebgu3wpenz80,https://cf.shopee.co.id/file/id-11134207-7r990-lqebgu3ws7sv5f",Royal Canin,Pets > Pet Food > Cat Food
25100931798,Phoenix Perkutut Gold Makanan Burung Perkutut 360 gr,"Phoenix Perkutut Gold Pakan Burung Perkutut Anti Stress Plus Ginseng Phoenix Perkutut Gold diramu khusus dari bahan baku pilihan berdasarkan rekomendasi dari para ahli ahli perkutut dari Indonesia dan Thailand yang sudah berpengalaman bertahun-tahun di industri pakan burung. Pakan Phoenix diproses secara higenis sehingga kebersihan dan kualitas produknya sangat terjamin. Sangat cocok dijadikan makanan sehari-hari untuk jenis burung perkutut lokal maupun perkutut bangkok. MANFAAT : 1. Sumber protein tinggi yang baik untuk pertumbuhan burung 2. Sumber nutrisi dan vitamin tinggi agar burung lebih berenergi. 3. Meningkatkan voluma dan kualitas ""kung"" 4. Meningkatkan stamina dan daya tahan tubuh 5. Membantu pertumbuhan anakan burung 6. Sebagai anti-stress dan mengatasi kerontokan 7. Menstabilkan metabolisme tubuh dan Menambah nafsu makan 8. Memaksimalkan performa dan Meningkatkan kelincahan KANDUNGAN : Millet Putih Jepang, Gabah Lampung, Jewawut Cina, Godem Impor Thailand, Canary Seed Canada, Millet Kecil Jerman, Millet Merah Australia, Ketan Hitam, Vitamin A, D, C, B1, B2, B6, B12, Kalsium, Zinc, Magnesium, Asam Amino, dan Mineral. CARA PAKAI : Berikan PHOENIX PERKUTUT GOLD secukupnya setiap hari dan selalu sediakan air minum bersih dan segar. Hindari pemberian kembali sisa-sisa makanan yang tidak termakan oleh perkutut anda. Simpan kemasan di tempat kering dan sejuk. Berat 360gr",14695.00 IDR,in stock,new,https://shopee.co.id/product/262714770/25100931798,https://cf.shopee.co.id/file/id-11134207-7r98z-lo2g0f9msr4mbe,"https://cf.shopee.co.id/file/id-11134207-7r98w-lo2g0f9mvk9ia5,https://cf.shopee.co.id/file/id-11134207-7r98r-lo2g0f9mwyty94,https://cf.shopee.co.id/file/id-11134207-7r98q-lo2g0f9mu5p22c,https://cf.shopee.co.id/file/id-11134207-7r98s-lo2g0f9mydee49",Phoenix,Pets > Pet Food > Bird Feed
25007665131,Royal Canin Hair & Skin Care 400gr Dry Food Makanan Kucing,"ROYAL CANIN HAIR & SKIN CARE Untuk Perawatan rambut & kulit. Apa manfaat utama dari solusi nutrisi yang ditargetkan ini? HAIR & SKIN CARE adalah formula nutrisi seimbang yang membantu menjaga kesehatan kulit dan bulu. Diformulasi dengan: - Kompleks nutrisi eksklusif yang membantu mendukung peran pelindung kulit. - Protein berkualitas tinggi dengan asam amino spesifik membantu meningkatkan pertumbuhan rambut yang sehat dan pembaharuan kulit. - Asam lemak Omega 3 dan Omega 6 karena efek menguntungkannya pada kesehatan kulit dan kondisi bulu. Kondisi bulu buruk? Apakah kucing Anda memiliki kondisi bulu yang buruk? Sel-sel kulit terus diperbarui dan memiliki kebutuhan nutrisi yang signifikan. Beberapa kucing memiliki kulit sensitif yang tercermin dari kondisi bulu yang buruk, namun dapat didukung dengan keseimbangan nutrisi yang tepat. Hasil terbukti dalam 21 hari, bulu sehat berkilau, efek nyata asam amino &vitamin, omega 3 & 6. Hasil yang terbukti: penggunaan eksklusif perawatan rambut & kulit memberikan peningkatan kilau bulu yang signifikan setelah 21 hari*. *Studi internal Royal Canin, 2006. Kesehatan saluran kemih Diformulasikan dengan keseimbangan mineral untuk membantu menjaga kesehatan sistem saluran kemih kucing dewasa.",72956.00 IDR,in stock,new,https://shopee.co.id/product/262714770/25007665131,https://cf.shopee.co.id/file/sg-11134201-7rblj-lqbtzpj6xdcuaa,"https://cf.shopee.co.id/file/sg-11134201-7rbm5-lqbtzpi2yze273,https://cf.shopee.co.id/file/sg-11134201-7rbl9-lqbtzq225r2dbf",Royal Canin,Pets > Pet Food > Cat Food
25000930503,Phoenix Canary Multivitamin Makanan Burung Kenari Lovebird 330gr,"PHOENIX CANARY MULTIVITAMIN Pakan Burung Kenari, Lovebird, Blacthroath, Blacken, Pakling, Sanma, dan Burung-burung kecil (Flinch) lainnya PHOENIX CANARY MULTIVITAMIN diramu khusus dari bahan baku pilihan berdasarkan rekomendasi dari para ahli ahli kenari dari Indonesia dan Thailand yang sudah berpengalaman bertahun-tahun di industri pakan burung. Pakan Phoenix diproses secara higenis sehingga kebersihan dan kualitas produknya sangat terjamin. Sangat cocok dijadikan makanan sehari-hari untuk jenis burung kenari MANFAAT : 1. Sumber vitamin, nutrisi, dan protein tinggi 2. Membantu pertumbuhan kenari dan mendongkrak stamina sehingga burung lebih aktif dan bergairah 3. Menguatkan pernafasan sehingga suara kicauan kenari dan lovebird lebih panjang 4. Meningkatkan kekebalan tubuh terhadap infeksi berbagai agen penyakit virus dan bakteri 5. Mengatasi gangguan pencernaan dan menjaga kesehatan sel-sel tubuh dari radikal bebas/polusi udara dan mencerahkan warna bulu KANDUNGAN : Black Millet, Millet Putih, Millet Merah, Canary Seed, Biji Sawi, Jewawut, Haver, Niger Seed, Flaxseed, Saff flower CARA PAKAI : Berikan 1 - 1/2 sendok makan PHOENIX CANARY MULTIVITAMIN setiap hari dan selalu sediakan air minum bersih dan segar. Hindari pemberian kembali sisa-sisa makanan yang tidak termakan oleh kenari anda. Simpan kemasan di tempat kering dan sejuk. Jangan lupa untuk menjemur burung di pagi hari. Berat 330gr",18110.00 IDR,in stock,new,https://shopee.co.id/product/262714770/25000930503,https://cf.shopee.co.id/file/id-11134207-7r98q-lo2c9mecgo7b2d,"https://cf.shopee.co.id/file/id-11134207-7r98z-lo2c9meci2rr0f,https://cf.shopee.co.id/file/id-11134207-7r992-lo2c9meckvwn3e,https://cf.shopee.co.id/file/id-11134207-7r98r-lo2c9mecjhc751,https://cf.shopee.co.id/file/id-11134207-7r98u-lo2c9mecmah3b5",Phoenix,Pets > Pet Food > Bird Feed
24800380093,Pet Nail Clipper Gunting Kuku Hewan,"Pet Nail Clipper/Gunting Kuku Hewan - Cocok digunakan untuk kucing, anjing, atau hewan peliharaan lainnya - Mudah digunakan dan tanpa rasa sakit. - Desain kecil, praktis, mudah dibawa kemana-mana.. *warna dikirim random",8000.00 IDR,in stock,new,https://shopee.co.id/product/262714770/24800380093,https://cf.shopee.co.id/file/sg-11134201-7rbk6-lnspatu5sjsh06,"https://cf.shopee.co.id/file/sg-11134201-7rbmj-lnsp136wx5fsc6,https://cf.shopee.co.id/file/sg-11134201-7rbll-lnsp13u7z1yeaf,https://cf.shopee.co.id/file/sg-11134201-7rbkf-lnsp13wpve7cf1",Central Cat's,Pets > Pet Grooming > Claw Care
24738973147,Happy Cat Minkas Drink 135ml Minuman Kucing,"Happy Cat Minkas Cat Drink 135ml Minuman Kucing Dewasa yang Menyegarkan! Happy Cat Minkas Cat Drink adalah solusi sempurna untuk memastikan kucing dewasa Anda mendapatkan asupan cairan yang cukup. Dengan potongan daging tuna kecil yang lezat, minuman ini membuat kucing Anda lebih semangat untuk minum. Ideal untuk kucing yang malas minum atau sebagai cemilan spesial. Keunggulan: 💧 Tekstur Cair: Menggugah selera dan memudahkan hidrasi. 🚫 Grain Free &amp; Bebas Gula Tambahan: Ramah pencernaan dan bebas laktosa. 🛡️ Mencegah Dehidrasi &amp; Masalah Saluran Kemih: Menjaga keseimbangan cairan tubuh. 🌿 Tanpa Pengawet dan Perasa Tambahan: Hanya yang terbaik untuk kucing Anda. Komposisi: Daging dan turunan hewani, turunan sayuran, mineral. Nilai Gizi: Protein kasar 2.0%, lemak kasar 0.1%, serat kasar 0.5%, abu kasar 1.0%, kelembapan 96.3%. Panduan Makan: 3 - 4 kaleng setiap 2 hari. Sesuaikan dengan kebutuhan individu kucing Anda. Varian Rasa: 🍗 Ayam 🐟 Salmon 🐠 Tuna Dengan Happy Cat Minkas Cat Drink, pastikan hidrasi kucing Anda tetap optimal!",30685.00 IDR,in stock,new,https://shopee.co.id/product/262714770/24738973147,https://cf.shopee.co.id/file/sg-11134201-7rfia-m394ouu6v3ye96,"https://cf.shopee.co.id/file/sg-11134201-7rfft-m394oussvq7444,https://cf.shopee.co.id/file/sg-11134201-7rfi6-m394ouvas4ema8,https://cf.shopee.co.id/file/sg-11134201-7rfh3-m394ouugtbs5fd,https://cf.shopee.co.id/file/sg-11134201-7rfi9-m394ouu6tqvia4,https://cf.shopee.co.id/file/sg-11134201-7rfhz-m394outwu406b4,https://cf.shopee.co.id/file/sg-11134201-7rfgv-m394ouv0sgt794",Happy Cat,Pets > Pet Food > Cat Food
24628117732,Vitasong Canary Bird Seed 250gr Makanan Burung Kenari Branjangan,"VITASONG BIRD SEED CANARY 250gr Vitasong Bird Seed Canary merupakan pakan yang memiliki keseimbangan nutrisi yang optimal dengan multivitamin dan mineral serta diperkaya dengan antioksidan, asam lemak dan asam amino essential. Vitasong Bird Seed Canary membantu mendukung kesehatan dan membuat burung kesayangan Anda tidak mudah stress. Cocok untuk burung Kenari dan Branjangan. Vitasong Bird Seed Canary memiliki komposisi yaitu biji kenari, milet putih, milet merah, biji sawi, biji niger, jewawut, antioksidan, ramuan herbal, ekstrak buah, vitamin (A, D3, E, C, Multivitamin B Kompleks) dan mineral (Kalsium, Fosfor, Zinc, Selenium, Makro dan Mikro Mineral Organik).",15000.00 IDR,in stock,new,https://shopee.co.id/product/262714770/24628117732,https://cf.shopee.co.id/file/id-11134207-7r992-luxg6utulcc19a,"https://cf.shopee.co.id/file/id-11134207-7ra0k-mdfotzpkwbhr15,https://cf.shopee.co.id/file/sg-11134201-7rd63-luuhpxepgv3pc1,https://cf.shopee.co.id/file/sg-11134201-7rd6o-luuhpxld74a9ed,https://cf.shopee.co.id/file/sg-11134201-7rd3o-luuhuf1oxgzlab",Vitasong,Pets > Pet Food > Bird Feed
24611963366,Central Cat's Botol Minum Gantung Hewan Kucing Kelinci 400ml,"Segera Dapatkan Botol Minum Gantung Hewan dengan harga murah hanya di Central Cat’s. Serta kebutuhan hewan peliharaan lainnya seperti : Makanan, Obat, Vitamin, Shampoo, Perlengkapan dan Aksesoris Hewan lainnya. Botol Minum Gantung Hewan Size XL 400ml - Dapat digantung di kandang - Cocok digunakan untuk hewan peliharaan seperti hamster, kelinci, kucing, anjing, dan lainnya. - Sangat mudah dipasang dan diisi ulang - Material botol: Plastik - Material nozzle: Stainless Steel *Warna dikirim random",29722.00 IDR,in stock,new,https://shopee.co.id/product/262714770/24611963366,https://cf.shopee.co.id/file/id-11134207-7ra0n-mbq7z0r6tt2cb1,"https://cf.shopee.co.id/file/id-11134207-7ra0u-mbq7z0r6tstva6,https://cf.shopee.co.id/file/id-11134207-7r98z-lr88sbtiu2wkb7,https://cf.shopee.co.id/file/id-11134207-7r98o-lr88sbtiyalw92",Central Cat's,Pets > Pet Accessories > Bowls & Feeders
24609304904,Proplan Kitten Chicken Formula 1kg Repack Makanan Kucing,"PRO PLAN KITTEN CHICKEN FORMULA Kemasan Repack 1kg Proplan Kitten Chicken Formula dibuat dari daging ayam asli sebagai bahan baku utamanya. Diperkaya Kolostrum dan nutrisi lainnya, Pro Plan Kitten diperuntukkan bagi anak kucing hingga berusia satu tahun untuk membantu mengoptimalkan sistem imun serta tumbuh kembangnya. Manfaat : 1. Kolostrum - nutrisi untuk perkembangan sistem imun tubuh yang sehat pada anak kucing. 2. DHA, juga dapat ditemukan dalam susu induk, guna mendukung perkembangan otak. 3. Mendukung kesehatan tulang, gigi dan perkembangan otot. 4. Terbukti secara klinis kandungan antioksidan untuk pertahanan tubuh. Komposisi Daging Ayam (daging ayam terdehirasi, ayam); beras; minyak hewani; daging salmon terdehidrasi; gandum utuh; protein jagung; daging tuna terdehidrasi; mineral, vitamin, asam amino, asam organik dan perisa alami (termasuk kalsium, fosfor, sodium, klorida, potasium, magnesium, mangan, tembaga, zink, zat besi, yodium, selenium, vitamin A, vitamin B1, vitamin B2, vitamin B3, asam folar, vitamin B5, vitamin B6, vitamin B12, vitamin C, vitamin D, vitamin E, kolin, metionin, taurin, pirofosfat); minyak ikam; kolostrum dan antioksidan alami.",170822.00 IDR,in stock,new,https://shopee.co.id/product/262714770/24609304904,https://cf.shopee.co.id/file/id-11134207-7r98x-lqoacjd7o006e6,"https://cf.shopee.co.id/file/id-11134207-7r98y-lqoacjd7v0uecc,https://cf.shopee.co.id/file/id-11134207-7r98v-lqoacjd7s7pi9a,https://cf.shopee.co.id/file/id-11134207-7r98u-lqoacjd7tm9y6e,https://cf.shopee.co.id/file/id-11134207-7r98y-lqoacjd7qt528f,https://cf.shopee.co.id/file/id-11134207-7r98q-lqoacjd7pekmb0",Pro Plan,Pets > Pet Food > Cat Food
24419490709,Central Cat's Bowl Single Anti Semut Tempat Makan Minum Kucing Anjing,"Halo! Selamat datang di Central Cat's.. Kami menjual berbagai macam kebutuhan serta keperluan hewan peliharaan kamu.. Selamat berbelanja! Bowl single, mangkuk tempat makan dan minum hewan yang terbuat dari bahan plastik tebal dan anti semut. Aman digunakan untuk hewan peliharaan Anda. *warna dikirim random",9000.00 IDR,in stock,new,https://shopee.co.id/product/262714770/24419490709,https://cf.shopee.co.id/file/sg-11134201-7rcbt-lszdbazg78n61e,"https://cf.shopee.co.id/file/sg-11134201-7rcca-lszdbb4g1c6663,https://cf.shopee.co.id/file/sg-11134201-7rcc5-lszd7mz1dswb75",Central Cat's,Pets > Pet Accessories > Bowls & Feeders
24108693072,Markotops Pasir Gumpal Kucing 10L,Halo! Selamat datang di Central Cat's.. Kami menjual berbagai macam kebutuhan serta keperluan hewan peliharaan kamu.. Selamat berbelanja! Markotops Bentonite Cat Litter Pasir Gumpal Wangi untuk Kucing ✓ Natural / Alami ✓ Low Dust / Minim Debu ✓ Fast Clumping / Cepat Menggumpal ✓ Odor Control / Mengontrol Bau Varian Aroma: - Lavender - Cappucino - Lemon - Apple - Baby Powder Isi 10L,63515.00 IDR,in stock,new,https://shopee.co.id/product/262714770/24108693072,https://cf.shopee.co.id/file/sg-11134201-7rbk7-lqk5b3mjmih3da,"https://cf.shopee.co.id/file/sg-11134201-7rblo-lqk52d3hwf9hc3,https://cf.shopee.co.id/file/sg-11134201-7rbmz-lqk52cyi54tmff,https://cf.shopee.co.id/file/sg-11134201-7rbmo-lqk52dcxk0u2d1,https://cf.shopee.co.id/file/sg-11134201-7rbks-lqk52d5pxdnq0d",Markotops,Pets > Litter & Toilet > Others
24100686462,Teaser Tongkat Kayu Boneka Mainan Kucing,"Teaser Tongkat Kayu Mainan Kucing Mainan yang sangat disukai oleh kucing. Tongkat pegangan berbahan dari kayu, praktis dan kuat. Dilengkapi dengan tali yang elastis, dan boneka yang lucu dan lembut, sehingga tidak membahayakan kucing. Terdapat lonceng berbunyi yang dapat merangsang kucing bermain dengan gembira. Ukuran: Tongkat kayu panjangnya sekitar 40cm material: Kain Goni, Kayu, Tali Elastis",15000.00 IDR,in stock,new,https://shopee.co.id/product/262714770/24100686462,https://cf.shopee.co.id/file/sg-11134201-7rbng-lnwx0nklu9yt6e,"https://cf.shopee.co.id/file/sg-11134201-7rbl3-lnwwwhfbk97s1e,https://cf.shopee.co.id/file/sg-11134201-7rblc-lnwwwi6igg8he8,https://cf.shopee.co.id/file/sg-11134201-7rbma-lnwwwj1l6za6dd,https://cf.shopee.co.id/file/sg-11134201-7rblj-lnwwwjuq1rc809",Central Cat's,Pets > Pet Accessories > Toys > Dog & Cat Toys > Sticks & Chasers
24059331789,Proplan Adult Chicken Formula 400gr Repack Makanan Kucing,"PRO PLAN ADULT CHICKEN Kemasan Repack 400gr Pro Plan Adult Chicken adalah makanan kucing dewasa berusia mulai 1 tahun, dengan rasa ayam yang dibuat dari daging ayam asli sebagai bahan baku utama dan diperkaya dengan Probiotik Aktif untuk mendukung kesehatan pencernaan serta daya tahan tubuh kucing kesayanganmu. - Paduan nutrisi khusus untuk membantu menjaga kesehatan ginjal - Makanan kucing yang memberikan nutrisi untuk mendukung kesehatan sendi dan mobilitas yang baik. - Paduan nutrisi untuk kulit dan rambut yang lembut dan berkilau - Antioksidan yang terbukti secara ilmiah untuk pertahanan tubuh - Makanan kucing bulat yang gampang dikunyah dan disukai oleh kucing Komposisi: Daging ayam (daging ayam terdehidrasi-sumber glukosamin alami, daging ayam); beras; gandum utuh; protein jagung; minyak hewani; mineral, vitamin, asam amino, asam organik dan perisa alami (termasuk kalsium, fosfor, sodium, klorida, potasium, magnesium, mangan, tembaga, zink, zat besi, yodium, selenium, vitamin A, vitamin B1, vitamin B2, vitamin B3, asam folat, vitamin B5, vitamin B6, vitamin B12, vitamin C, vitamin D, vitamin E, kolin, arginin, taurin, pirofosfat, beta karoten, perisa alami hati); minyak ikan; produk fermentasi Bacillus coagulans kering dan antioksidan alami.",63410.00 IDR,in stock,new,https://shopee.co.id/product/262714770/24059331789,https://cf.shopee.co.id/file/id-11134207-7r98w-lqof75gouced9d,"https://cf.shopee.co.id/file/id-11134207-7r98z-lqof75gox5j983,https://cf.shopee.co.id/file/id-11134207-7r98o-lqof75goyk3p51,https://cf.shopee.co.id/file/id-11134207-7r98x-lqof75gozyo58b,https://cf.shopee.co.id/file/id-11134207-7r98p-lqof75govqyt00",Pro Plan,Pets > Pet Food > Cat Food
24050565905,Selimut Hewan Peliharaan Lembut dan Hangat,"SELIMUT HEWAN PELIHARAAN Selimut yang cocok digunakan untuk hewan peliharaan Anda dengan keunggulan : - Bebas serat, hangat dan kuat - Sangat lembut di kulit - Menyerap keringat - Desain unik dan tahan Lama - Bisa dicuci dengan mesin, bentuknya tetap sama setelah dicuci. Cuci tangan dan mesin cuci yang nyaman, mudah dibersihkan. Super Lembut dan Nyaman Selimut memberikan lapisan buram yang sempurna untuk menjaga hewan peliharaan Anda tetap hangat dalam cuaca dingin. Desain yang indah Selimut yang terbuat dari bahan mewah super lembut bahkan bisa digunakan sebagai selimut bayi. Bahan Flanel Selimut anjing/ Kucing terbuat dari 100% wol. Ini membungkus hewan peliharaan di musim dingin dan nyaman di musim panas. Ukuran : 60x40 cm *Note : Mungkin ada 1-2 cm perbedaan karena diukur dengan tangan, harap dipahami.",28000.00 IDR,in stock,new,https://shopee.co.id/product/262714770/24050565905,https://cf.shopee.co.id/file/sg-11134201-7rbkb-lnvbden5cn45ee,"https://cf.shopee.co.id/file/sg-11134201-7rbk2-lnvb2usb6pdxfd,https://cf.shopee.co.id/file/sg-11134201-7rbla-lnvb2vjs2ils89,https://cf.shopee.co.id/file/sg-11134201-7rbnl-lnvb2wkokii879,https://cf.shopee.co.id/file/sg-11134201-7rbmb-lnvb2x8jll3y11",Central Cat's,Pets > Pet Accessories > Pet Furniture > Beds & Mats
24044849128,Happy Cat Vet Struvit Urinary Wet Food Canned Makanan Kucing,"HAPPY CAT VET DIET STRUVIT WET FOOD CANNED Makanan Basah Khusus Untuk Kucing dengan Batu Struvit Happy Cat VET Diet Struvit adalah makanan lengkap bagi kucing dewasa untuk meleburkan batu struvite dan mengurangi kekambuhan batu struvite, dan kasus penyakit saluran kencing bagian bawah (FUS). Pakan ini cocok untuk kucing yang menderita sindrom urologik kucing (FUS). Fungsi utama pakan ini adalah protein berkualitas tinggi, jumlah fosfor dan magnesium yang dikurangi, dan properti yang mengasamkan urin. Pakan ini secara nyata dapat menurunkan pH urin. Tingkat natrium yang sedikit meningkat dalam makanan mendorong peningkatan konsumsi air dan dengan demikian membantu pembilasan saluran kemih. - Kandungan protein sedang dan penurunan kadar magnesium dan fosfor membantu melarutkan dan mengurangi kambuhnya batu struvit pada kucing - Tingkat natrium yang sedikit meningkat mendorong peningkatan konsumsi air dan dengan demikian membantu pembilasan saluran kemih - Sifat pengasaman urin membantu mengurangi pH urin Nilai Gizi: Protein kasar 8,0% Lemak kasar 4,5% Serat kasar 0,6% Abu kasar 1,4% Kelembapan 82% Kalsium 0,11% Fosfor 0,1% Natrium 0,15% Kalium 0,15% Magnesium 0,015% Klorida 0,32 % Sulfur 0,25 % Asam lemak omega-6 0,5% Asam lemak omega-3 0,15% Komposisi: Daging dan jeroan yang mengandung ayam dan daging babi, ubi, beras, mineral, minyak salmon, selulosa, akar chicory (sumber FOS), glukosamin, produk dari pengolahan herbal Saran tambahan: • Disarankan untuk meminta masukan dokter hewan sebelum menggunakan atau melanjutkan penggunaan produk. • Untuk efek pelarutan batu yang maksimal, beri makan Happy Cat VET Diet Struvit secara eksklusif. • Diskusikan semua kebutuhan nutrisi suplemen dengan dokter hewan Anda. • Makanan ini idealnya harus diubah ke makanan lanjutan yang sesuai dengan peningkatan 10% selama setidaknya 2 - 4 minggu. • Untuk mencegah batu struvit pada kucing, campur makanan 1:1 (masing-masing ransum) dengan makanan kering Happy Cat biasa. Periksa pH urin secara teratur • Kecuali jika direkomendasikan oleh dokter hewan Anda, sajikan dalam beberapa porsi kecil setiap hari. • Jumlah pemberian makanan harus disesuaikan dengan metabolisme hewan peliharaan secara individu. Mungkin saja diperlukan untuk mengurangi atau menambah kuantitas sampai ke tingkat tertentu. • Air minum sebaiknya tersedia setiap saat. • Durasi pemberian makanan yang direkomendasikan untuk melarutkan batu struvit adalah lima hingga dua belas minggu. Happy Cat VET Diet Struvit dapat diberikan hingga enam bulan untuk mengurangi kekambuhan batu struvite.",63616.00 IDR,in stock,new,https://shopee.co.id/product/262714770/24044849128,https://cf.shopee.co.id/file/sg-11134201-7rfgs-m98en8mk9yj948,"https://cf.shopee.co.id/file/sg-11134201-7rfez-m98ec5332p49b5,https://cf.shopee.co.id/file/sg-11134201-7rfgm-m98ec532yh01c3,https://cf.shopee.co.id/file/sg-11134201-7rfew-m98ec53cy0vb08,https://cf.shopee.co.id/file/sg-11134201-7rff6-m98ec550vl5z41",Happy Cat,Pets > Pet Food > Cat Food
23955824959,ProPlan Kitten Starter 1.5kg Freshpack Makanan Anak Kucing,"Pro Plan Kitten Starter Rasa Salmon dan Tuna Pro Plan Kitten Starter diformulasikan sebagai makanan untuk anak kucing mulai usia 3-5 minggu hingga 6 bulan. Pro Plan Kitten Starter terbuat dari daging salmon serta tuna asli sebagai bahan baku utama, dan kibble-nya mudah dilembutkan dengan air. Tak hanya itu, Pro Plan Kitten Starter juga diperkaya Kolostrum yang membantu perkembangan sistem imun tubuh pada anak kucing serta nutrisi penting lain untuk mendukung pertumbuhannya. Manfaat : 1. Kolostrum - nutrisi untuk perkembangan sistem imun tubuh yang sehat pada anak kucing 2. DHA, juga dapat ditemukan dalam susu induk, guna mendukung perkembangan otak. Cocok untuk masa hamil dan menyusui 3. Mendukung kesehatan tulang, gigi dan perkembangan otot 4. Terbukti secara klinis kandungan antioksidan untuk pertahanan tubuh 5. Terbuat dari 43% protein membantu memenuhi kebutuhan nutrisi anak kucing yang unik 6. Membantu menjaga kesehatan saluran pencernaan dengan adanya kandungan kolostrum Isi 1,5kg",290000.00 IDR,in stock,new,https://shopee.co.id/product/262714770/23955824959,https://cf.shopee.co.id/file/sg-11134201-7rbl3-lm1nbxgfhknk97,"https://cf.shopee.co.id/file/sg-11134201-7rbkp-llm4odywh9fnd2,https://cf.shopee.co.id/file/sg-11134201-7rbk5-llm4oe2ibzjtd2,https://cf.shopee.co.id/file/sg-11134201-7rbnc-llm4oejpo7bx9f,https://cf.shopee.co.id/file/sg-11134201-7rbmz-llm4ofb6im0z15",Pro Plan,Pets > Pet Food > Cat Food
23954352434,Central Cat's Sisir Kutu Serit Kucing Anjing Flea Comb,Sisir Kutu / Serit Besi Bulu Hewan Keunggulan Produk ✔ Membersihkan kutu dan telur kutu. ✔ Handle ergonomis dan non slip. ✔ Gigi sisir stainless steel anti karat dan anti patah. * Warna akan dikirim random. Cara Pemakaian : - Gunakan dari akar bulu ke arah luar bulu. *warna dikirim random,10000.00 IDR,in stock,new,https://shopee.co.id/product/262714770/23954352434,https://cf.shopee.co.id/file/id-11134207-7r98z-lnv80dzkqykcbe,"https://cf.shopee.co.id/file/id-11134207-7r98r-lr88sbtj13qs43,https://cf.shopee.co.id/file/id-11134207-7r98p-lnu4g7g2z6yp6c,https://cf.shopee.co.id/file/id-11134207-7r98v-lnu4g7g2z7nq0c,https://cf.shopee.co.id/file/id-11134207-7r98p-lnu4g7fj00hoff,https://cf.shopee.co.id/file/id-11134207-7r98z-lnu4g7g2z7gn40,https://cf.shopee.co.id/file/id-11134207-7r98u-lnu4g7fj00nq52,https://cf.shopee.co.id/file/id-11134207-7r991-lnu4g7fj1f3u7e",Central Cat's,Pets > Pet Grooming > Others
23918188394,Kalung Kucing Lonceng Lucu,"Halo! Selamat datang di Central Cat's.. Kami menjual berbagai macam kebutuhan serta keperluan hewan peliharaan kamu.. Selamat berbelanja! Kalung kucing dengan lonceng lucu membuat si Anabul memiliki tampilan yang bergaya dan modis, dengan ukuran yang dapat disesuaikan untuk hewan peliharaan Anda. Bahan ：Polyester, PP, Nylon Ukuran：19-32Cm Fitur : Adjustable, dengan Bell, Gesper Rilis Cepat,Nyaman *warna yang dikirim random",6000.00 IDR,in stock,new,https://shopee.co.id/product/262714770/23918188394,https://cf.shopee.co.id/file/id-11134207-7r98q-llyspi1845nl57,"https://cf.shopee.co.id/file/id-11134207-7r98w-llyspi185k81fc,https://cf.shopee.co.id/file/id-11134207-7r98y-llyspi186yshc7,https://cf.shopee.co.id/file/id-11134207-7r98t-llyspi188dcx8b,https://cf.shopee.co.id/file/id-11134207-7r98s-llyspi189rxd36,https://cf.shopee.co.id/file/id-11134207-23010-953xetwew8lv0b",Central Cat's,"Pets > Pet Accessories > Leashes, Collars, Harnesses & Muzzles"
23755241141,Giant Feed 20kg Pelet Pakan Kelinci Organik Premium Quality,"Pelet Giant Feed Pakan Kelinci dengan kualitas Premium Pakan kelinci yang berkualitas premium ini adalah pilihan yang tepat untuk mempercepat pertumbuhan kelinci Anda. Giant Feed terbuat dari bahan-bahan organik yang tidak mengandung bahan pengawet sehingga aman untuk dikonsumsi oleh kelinci. Selain itu, kotoran kelinci yang dihasilkan tidak bau sehingga tidak mengganggu lingkungan sekitar. Giant Feed dapat digunakan untuk semua jenis kelinci dan mengandung nutrisi lengkap yang dibutuhkan oleh kelinci. Kandungan nutrisi yang terdapat pada Giant Feed adalah 52% karbohidrat, 4% lemak, 13% serat, 16% protein, dan 15% mineral. Dengan kandungan nutrisi yang lengkap, kelinci Anda akan mendapatkan asupan nutrisi yang cukup untuk menjaga kesehatan dan pertumbuhannya. Keunggulan dari Giant Feed adalah bahan-bahan yang digunakan berasal dari sumber daya alam yang berkelanjutan dan tidak merusak lingkungan. Selain itu, Giant Feed juga 100% organik sehingga aman untuk dikonsumsi oleh kelinci. Dengan menggunakan Giant Feed, Anda dapat memberikan pakan yang sehat dan berkualitas untuk kelinci Anda tanpa khawatir akan dampak negatif pada lingkungan sekitar. Keunggulan Giant Feed : 1. Tanpa bahan pengawet 2. Dapat mempercepat pertumbuhan kelinci 3. Kotoran padat tidak bau 4. Bisa untuk semua jenis kelinci 5. Nutrisi lengkap 6. 100% Organik Mengandung : 52% karbohidrat 4% lemak 13% serat 16% protein 15% mineral Bahan baku pakan: wheat pollard, palm karnel meal, soyabean meal, rice brand, corn gluten feed, coconut meal, soyabean husk, coffee husk, sugarcane top hay, corn top hay, legume, molasses, salt. Bahan tambahan: Lysine, Methionine, Herbal PERINGATAN Tidak diperuntukan jenis unggas",197471.00 IDR,in stock,new,https://shopee.co.id/product/262714770/23755241141,https://cf.shopee.co.id/file/id-11134207-7r98u-llw0bqqcu3vjee,"https://cf.shopee.co.id/file/id-11134207-7r98y-llw0bqqcvifzce,https://cf.shopee.co.id/file/id-11134207-7r98y-llupnftbyvn827,https://cf.shopee.co.id/file/id-11134207-7r98o-llw0bqqcwx0f17,https://cf.shopee.co.id/file/id-11134207-7r992-lsox65rk0g3h68",Giant Feed,Pets > Pet Food > Small Pet Food
23577868144,Derma Spray Obat Jamur/Luka/Antiseptik,"DERMA SPRAY SKIN CORRECTOR by Hexapet Derma Spray adalah spray yang berfungsi untuk : 1. Ringworm (jamur) 2. Bagian Kulit yang sakit/luka luar 3. Antiseptik Semprotkan Derma Spray pada spot jamur atau bagian kulit yang bermasalah. Atau bisa juga disemprotkan pada kapas/tisu. Namun jangan sampai terkena mata. Tips : Bulu di bagian kulit yang bermasalah sebaiknya dicukur/dibotakin terlebih dahulu, agar lebih cepat meresap dan menghindari penyebaran jamur yang semakin meluas. Derma Spray Termasuk produk instant, jika dilakukan Dengan Tepat Teliti dan Rutin, 3x sehari plus grooming 3 hari sekali, dalam satu Minggu pasti sembuh. Produk Derma Spray juga bisa di gunakan untuk luka2 ringan ( bukan luka dalam parah yang mengharuskan oprasi ) atau bisa juga digunakan untuk luka2 pasca operasi Notes: *Hindarkan Untuk Luka Bakar *Hindari juga semprot2 di bagian kulit dan bulu yg normal/sehat, Kecuali di campur air dengan perbandingan 1 : 3 jika ingin Digunakan sebagai freshen/waterless bath. Produk ini cukup penting bagi mereka yg punya kucing sakit dan tidak memungkinkan untuk dimandikan, nah produk ini sangat cocok untuk menghindari terjadinya penyakit derma dan bulu kusam. Dalam rangka ini cairan dengan campur air lagi 1 : 5 Plus jika ada infeksi digusi atau kucing mengalami candidiasis (sariawan) bisa digunakan sebagai treatment. Disemprotkan pada kapas lalu tempelkan sambil sedikit digosok halus. *Jaga agar Produk tidak Terkena Mata Hewan *Expired 1 tahun setelah produk dibuka",20036.00 IDR,in stock,new,https://shopee.co.id/product/262714770/23577868144,https://cf.shopee.co.id/file/id-11134207-7rbk3-m8ydrvqgc47y5b,"https://cf.shopee.co.id/file/id-11134207-7rbk7-m8ydrvqghqhqb7,https://cf.shopee.co.id/file/id-11134207-7r98x-lo2c9mecb1xj6e,https://cf.shopee.co.id/file/id-11134207-7r98o-lkszhkftc5v093,https://cf.shopee.co.id/file/id-11134207-7r98o-lkszhkftdkfg94,https://cf.shopee.co.id/file/id-11134207-7r98t-lsqdxh0r0zzb0e",Derma Spray,Pets > Pet Healthcare > Medication
23557819949,Giant Feed 3kg Repack Pelet Pakan Kelinci Organik Premium Quality,"Pelet Giant Feed Pakan khusus untuk Kelinci dengan kualitas Premium Kemasan Repack 3kg *Harga yang tercantum sudah termasuk packaging aman Pakan kelinci yang berkualitas premium ini adalah pilihan yang tepat untuk mempercepat pertumbuhan kelinci Anda. Giant Feed terbuat dari bahan-bahan organik yang tidak mengandung bahan pengawet sehingga aman untuk dikonsumsi oleh kelinci. Selain itu, kotoran kelinci yang dihasilkan tidak bau sehingga tidak mengganggu lingkungan sekitar. Giant Feed dapat digunakan untuk semua jenis kelinci dan mengandung nutrisi lengkap yang dibutuhkan oleh kelinci. Kandungan nutrisi yang terdapat pada Giant Feed adalah 52% karbohidrat, 4% lemak, 13% serat, 16% protein, dan 15% mineral. Dengan kandungan nutrisi yang lengkap, kelinci Anda akan mendapatkan asupan nutrisi yang cukup untuk menjaga kesehatan dan pertumbuhannya. Keunggulan dari Giant Feed adalah bahan-bahan yang digunakan berasal dari sumber daya alam yang berkelanjutan dan tidak merusak lingkungan. Selain itu, Giant Feed juga 100% organik sehingga aman untuk dikonsumsi oleh kelinci. Dengan menggunakan Giant Feed, Anda dapat memberikan pakan yang sehat dan berkualitas untuk kelinci Anda tanpa khawatir akan dampak negatif pada lingkungan sekitar. Keunggulan Giant Feed : 1. Tanpa bahan pengawet 2. Dapat mempercepat pertumbuhan kelinci 3. Kotoran padat tidak bau 4. Bisa untuk semua jenis kelinci 5. Nutrisi lengkap 6. 100% Organik Mengandung : 52% karbohidrat 4% lemak 13% serat 16% protein 15% mineral Bahan baku pakan: wheat pollard, palm karnel meal, soyabean meal, rice brand, corn gluten feed, coconut meal, soyabean husk, coffee husk, sugarcane top hay, corn top hay, legume, molasses, salt. Bahan tambahan: Lysine, Methionine, Herbal PERINGATAN Tidak diperuntukan jenis unggas",33590.00 IDR,in stock,new,https://shopee.co.id/product/262714770/23557819949,https://cf.shopee.co.id/file/id-11134207-7r992-ln9w8fb1d6xn84,"https://cf.shopee.co.id/file/id-11134207-7r98q-lmv9o28znj5ga7,https://cf.shopee.co.id/file/id-11134207-7r98y-lmv9o28zqcaca9,https://cf.shopee.co.id/file/id-11134207-7r98t-lmv9o28zoxpw96,https://cf.shopee.co.id/file/id-11134207-7r991-lsox65rjz1j197",Giant Feed,Pets > Pet Food > Small Pet Food
23534221831,Body & Tail Degreaser Maxi Grooming 5Kg,"Segera Dapatkan Degreaser Maxi Body & Tail dengan harga murah hanya di Central Cat’s. Serta kebutuhan hewan peliharaan lainnya seperti : Makanan, Obat & Vitamin, Shampoo, Perlengkapan dan Aksesoris Hewan lainnya. Alasan kenapa harus pakai Degreaser Maxi Body & Tail : 1. Product tidak mengandung bahan kimia yang menyebabkan perusakan pada bulu dan kulit 2. Sangat mudah digunakan 3. Penggunaanya sangat irit 4. Membuat bulu Kucing/Anjing menjadi lembut. Cara pemakaian : 1. Campurkan Degreaser dengan air hangat dengan takaran 1 : 10ml air pada botol shaker. Kocok hingga larutan tercampur rata. 2. Aplikasikan ke bulu kucing/anjing yang akan dimandikan dalam posisi kering. 3. Pijat dan ratakan ke seluruh bagian tubuh lalu bilas. 4. Setelah pembilasan bisa dilanjutkan ke proses berikutnya, yaitu deep cleansing atau shampoo. Kegunaan Degreaser Maxi Body & Tail : 1. Menghilangkan minyak yang mengikat pada bulu kucing/anjing 2. Mengembalikan tekstur pada bulu kucing/anjing 3. Untuk step pertama saat grooming Note : Bila terdapat minyak berlebih pada kucing/anjing lakukan secara berulang. Performa Maxi 2x lebih kuat dari Daily",2620000.00 IDR,in stock,new,https://shopee.co.id/product/262714770/23534221831,https://cf.shopee.co.id/file/sg-11134201-7qvfe-lepobh7hz4yqef,"https://cf.shopee.co.id/file/sg-11134201-7qvf0-lepobtcs78e5e6,https://cf.shopee.co.id/file/sg-11134201-23030-guddozuh7xov96",Body & Tail,Pets > Pet Grooming > Others
23515937963,Bowl Double Tempat Makan Minum Kucing dan Anjing Anti Semut,"Halo! Selamat datang di Central Cat's.. Kami menjual berbagai macam kebutuhan serta keperluan hewan peliharaan kamu.. Selamat berbelanja! Bowl Double plastik, wadah/tempat makan dan minum untuk hewan anti semut..",11957.00 IDR,in stock,new,https://shopee.co.id/product/262714770/23515937963,https://cf.shopee.co.id/file/id-11134207-7r98o-lkkeh6f8ni9784,"https://cf.shopee.co.id/file/sg-11134201-23010-qe9o93vd5ulvb1,https://cf.shopee.co.id/file/sg-11134201-23010-6dcuhogi5ulv55",Central Cat's,Pets > Pet Accessories > Bowls & Feeders
23415883161,Vitalysine Hair & Skin Vitamin Bulu Kucing dan Anjing 80gr,"Halo! Selamat datang di Central Cat's.. Kami menjual berbagai macam kebutuhan serta keperluan hewan peliharaan kamu.. Selamat berbelanja! Vitalysine Hair & Skin adalah varian yang dibutuhkan untuk membantu menutrisi rambut dan kulit, sehingga rambut dan kulit menjadi lebat dan indah. Bisa diberikan kepada segala usia di atas 2 bulan. Semua manfaat varian Basic juga terdapat di varian Hair & Skin. Manfaat Vitalysine Hair & Skin: 1. Membantu menjaga daya tahan tubuh 2. Mengobati Flu 3. Memaksimalkan pertumbuhan otot dan tulang 4. Pencegahan terhadap herpes 5. Membantu proses penyembuhan 6. Memenuhi kebutuhan vitamin dan mineral 7. Menjaga kesehatan bulu 8. Meningkatkan nafsu makan Aturan Pakai: - Pengobatan : 1 sendok takar/3 kg BB - Pencegahan : 1/2 sendok takar/3 kg BB *Bisa dicampur ke makanan (dry food/wet food) *Tidak disarankan untuk usia dibawah 2 bulan Berat Produk : 80gr",111077.00 IDR,in stock,new,https://shopee.co.id/product/262714770/23415883161,https://cf.shopee.co.id/file/id-11134207-7qukz-lkhtemc9axc03c,"https://cf.shopee.co.id/file/sg-11134201-23010-j00npqsz46lv83,https://cf.shopee.co.id/file/sg-11134201-23010-q70ofvqtwulv8e,https://cf.shopee.co.id/file/sg-11134201-23010-oy35scqswulva9",Vitalysine,Pets > Pet Healthcare > Vitamins & Supplements
23357784442,Royal Canin Indoor Long Hair Adult 400gr Makanan Kucing Dewasa,ROYAL CANIN HOME LIFE INDOOR LONGHAIR Royal Canin Home Life Indoor Longhair untuk semua kucing dewasa berambut panjang dari 1 - 7 tahun yang tinggal di dalam ruangan Kucing berbulu panjang yang hidup di dalam ruangan bisa rentan terhadap hairball. RAMBUT PANJANG INDOOR membantu merangsang transit usus dan menghilangkan rambut yang tertelan secara alami berkat serat khusus termasuk psyllium. Protein yang sangat mudah dicerna membantu mengurangi kuantitas dan bau tinja. Mengandung nutrisi spesifik termasuk EPA dan DHA untuk membantu menjaga kulit yang sehat dan mantel yang mengkilap. Diformulasikan untuk membantu menjaga kesehatan sistem kencing kucing dewasa. Isi 400gr,71971.00 IDR,in stock,new,https://shopee.co.id/product/262714770/23357784442,https://cf.shopee.co.id/file/sg-11134201-7rbkn-lmsv97aoundc28,"https://cf.shopee.co.id/file/sg-11134201-7rbl3-lmsv980hsvxl7f,https://cf.shopee.co.id/file/sg-11134201-7rbkr-lmsv98zgdq6oc9,https://cf.shopee.co.id/file/sg-11134201-7rble-lmsv99pjbk5s60,https://cf.shopee.co.id/file/sg-11134201-7rbkv-lmibuai6ooy3fc",Royal Canin,Pets > Pet Food > Cat Food
23355028260,Kalung Kucing Anjing Scarf,"Dengan memakai kalung Scarf ini, dapat membuat penampilan hewan peliharaan semakin lucu, modis dan stylish. Scarf ini terbuat dari bahan yang lembut dan memiliki warna menarik cocok untuk berbagai jenis hewan seperti anjing atau kucing. Scraft ini cocok untuk penggunaan sehari-hari maupun untuk Anda yang ingin mereka tampil keren. Fitur : - Sebagai tanda hewan peliharaan sudah ada pemiliknya. - Membuat hewan peliharaan jadi terkesan imut dan lucu saat memakainya. - Ukuran bisa diatur/disesuaikan *Harap Menanyakan Stok terlebih dahulu",12000.00 IDR,in stock,new,https://shopee.co.id/product/262714770/23355028260,https://cf.shopee.co.id/file/sg-11134201-7rbnc-llrl7jaa4qqieb,"https://cf.shopee.co.id/file/sg-11134201-7rblp-llrkhacuyix7ad,https://cf.shopee.co.id/file/sg-11134201-7rbna-llrkhcjnoen7c8,https://cf.shopee.co.id/file/sg-11134201-7r9c5-llrkhd8wngaz79,https://cf.shopee.co.id/file/sg-11134201-7rbn2-ll9vdekotgs4f9",Central Cat's,Pets > Pet Clothing & Accessories > Neck Accessories
23186062787,Sisir Grooming Press Kucing dan Anjing,Sisir Grooming Press Kucing & Anjing Sisir Bulu Hewan Bahan: Plastik Ukuran : ± 12 x 7.5cm Fitur: 1. Nyaman dan aman digunakan tanpa menyakiti hewan peliharaan. 2. Membersihkan bulu rontok pada hewan peliharaan. 3. Sangat mudah digunakan. 4. Terdapat tombol press sehingga mudah untuk mengambil/mengangkat bulu 5. Desain elegan *warna dikirim random,15000.00 IDR,in stock,new,https://shopee.co.id/product/262714770/23186062787,https://cf.shopee.co.id/file/sg-11134201-7rblv-lnvbt49fli9439,"https://cf.shopee.co.id/file/sg-11134201-7rbkx-lnvbggn4cb0075,https://cf.shopee.co.id/file/sg-11134201-7rbnl-lnvbggt83dewd1,https://cf.shopee.co.id/file/sg-11134201-7rbni-lnvbghout33pd6,https://cf.shopee.co.id/file/sg-11134201-7rbnc-lnvbgim5gcz4ec",Central Cat's,Pets > Pet Grooming > Hair Care
23181881710,Central Cat's Pet Bowl Travel Portable Mangkuk Tempat Makan Minum Hewan,"Segera Dapatkan Pet Bowl Travel dengan harga murah hanya di Central Cat’s. Serta kebutuhan hewan peliharaan lainnya seperti : Makanan, Obat &amp; Vitamin, Shampoo, Perlengkapan dan Aksesoris Hewan lainnya. PET BOWL TRAVEL Mangkuk Travel Portable merupakan tempat makan/minum praktis untuk anjing atau kucing Anda yang bisa dibawa kemana-mana. Mangkuk ini bisa dilipat, cocok untuk Anda yang sering berpergian dengan hewan peliharaan Anda. Terdapat gantungan sehingga bisa digantungkan di tas Anda dan mudah untuk dibawa kemanapun. Bisa dilipat sehingga tidak memakan tempat saat dimasukkan ke dalam tas. Terbuat dari silikon berkualitas sehingga tidak mudah robek ataupun rusak. Ukuran : Diameter atas : 11.5cm Diameter bawah : 9 cm Tinggi : 5 cm *Warna yang dikirim random",20000.00 IDR,in stock,new,https://shopee.co.id/product/262714770/23181881710,https://cf.shopee.co.id/file/sg-11134201-7rblh-lm8y0gii07yj42,"https://cf.shopee.co.id/file/sg-11134201-7rbmk-llyui2j4kn456f,https://cf.shopee.co.id/file/sg-11134201-7rbng-llyui2joe7oa56,https://cf.shopee.co.id/file/sg-11134201-7rbn2-ll9vdekotgs4f9",Central Cat's,Pets > Pet Accessories > Bowls & Feeders
23087085847,Hexamilk Susu Kucing 50gr,"HEXAMILK by Hexapet Susu Kucing 50gr Ini dia nih susu bebas lactose dengan nilai biologis / biological value tinggi. Susu pengganti untuk karnivora adalah susu pengganti yang seimbang nutrisinya. Hexamilk menunjang kebutuhan susu anak kucing Anda ketika susu induknya tidak cukup, untuk kucing tanpa induk atau ditolak induknya, atau menyusu tapi membutuhkan suplemen makanan tambahan, sakit atau sedang dalam masa penyembuhan. Pola diet nutrisi seimbang adalah yang terbaik. Kandungan: - Lactose Free - Gluten Free - Hight Protein - Real Whey 100% - Preservatif Free - Clutatione &Collagen",37572.00 IDR,in stock,new,https://shopee.co.id/product/262714770/23087085847,https://cf.shopee.co.id/file/sg-11134201-7rbl9-loj4oi66o9a465,"https://cf.shopee.co.id/file/sg-11134201-7rbm2-loj4odi1ibcs5d,https://cf.shopee.co.id/file/sg-11134201-7rblp-loj4ohbxwi8s1a,https://cf.shopee.co.id/file/sg-11134201-7rblo-loj4otpjsf9be6",Hexamilk,Pets > Pet Food > Cat Food
22881322176,Royal Care Obat Diare Kucing 10ml,Royal Care Obat Diare Kucing10ml : - Obat diare untuk kucing - Dapat diteteskan ke mulut kucing atau dicampur ke pakan basah Fungsi Royal Care DIARE : - Mengobati diare - Mengurangi frekuensi buang air besar - Memadatkan feses yang cair - Meredakan mules akibat diare Kandungan dan fungsinya : - Toltrazuril = Menekan perkembangan bakteri - Dexamethazon = Menurunkan peradangan - Morinda citrifolia = Mengurangi nyeri - B-Complex Vitamins = Membantu tubuh memanfaatkan vitamin - Mel Depuratum = Antioksidan yang pencegah kerusakan sel Aturan Pakai : - Anak kucing: 2x sehari - Kucing dewasa: 3x sehari Dosis (Per berat badan) : *1/2-1 kg : 1/4 sendok teh *1-2 kg : 1/2 sendok teh *2-4 kg : 1 sendok teh *4-6 kg : 2 sendok teh *6-10 kg : 2 1/2 sendok teh,16528.00 IDR,in stock,new,https://shopee.co.id/product/262714770/22881322176,https://cf.shopee.co.id/file/sg-11134201-7rbkt-lm1n8hbb5lib9a,"https://cf.shopee.co.id/file/sg-11134201-7r98q-llhf703dh30haa,https://cf.shopee.co.id/file/sg-11134201-7rbn2-ll9vdekotgs4f9",Royal Care,Pets > Pet Healthcare > Medication
22856285493,Pet Bowl Mangkuk Stainless Steel Tempat Makan Minum Hewan Anti Slip,Pet Bowl yang terbuat dari Stainless Steel dapat digunakan untuk tempat makan dan minum. Dibuat dengan bahan terbaik untuk membuat mangkuk sempurna yang tahan lama dan multifungsi. Desain yang unik dan sederhana untuk para pecinta hewan. FITUR STAINLESS STEEL BOWL : * Bahan high grade aman dan Non-Toxic * Desain unik dengan Emboss Paw * Bowl Stainless Steel dibuat dari bahan yang kuat dan kokoh * Bowl sangat Mudah dibersihkan * Multifungsi (Dapat dipakai sebagai tempat minum atau makan) * Bagian bawah dilapisi dengan karet anti selip * Menciptakan lingkungan yang lebih bersih dan rapi,35000.00 IDR,in stock,new,https://shopee.co.id/product/262714770/22856285493,https://cf.shopee.co.id/file/id-11134207-7r98y-ln005tyrv5zge6,"https://cf.shopee.co.id/file/sg-11134201-7rbn4-lm78h4uowl7d35,https://cf.shopee.co.id/file/sg-11134201-7rbk7-lm78h7bhc217ab,https://cf.shopee.co.id/file/sg-11134201-7rbn2-ll9vdekotgs4f9",Central Cat's,Pets > Pet Accessories > Bowls & Feeders
22833840604,Bowl Single Tempat Makan Minum Gantung Kucing Anjing,"Halo! Selamat datang di Central Cat&#39;s.. Kami menjual berbagai macam kebutuhan serta keperluan hewan peliharaan kamu.. Selamat berbelanja! Bowl single gantung, mangkuk plastik tempat makan dan minum hewan yang bisa digantung pada kandang hewan peliharaan",14000.00 IDR,in stock,new,https://shopee.co.id/product/262714770/22833840604,https://cf.shopee.co.id/file/id-11134207-7r98o-lkkeh6f8m3orf4,"https://cf.shopee.co.id/file/sg-11134201-23030-ispzekuh7xov60,https://cf.shopee.co.id/file/sg-11134201-23030-zwefayuh7xov70,https://cf.shopee.co.id/file/sg-11134201-23030-guddozuh7xov96",Central Cat's,Pets > Pet Accessories > Bowls & Feeders
22757786289,Royal Canin Kitten Dry Food 400gr Makanan Anak Kucing,"ROYAL CANIN KITTEN DRY FOOD KESEHATAN PENCERNAAN Selama masa pertumbuhan, sistem pencernaan anak kucing masih belum matang. Kombinasi protein yang sangat mudah dicerna (L.I.P.*) dan serat spesifik (psyllium, FOS-MOS) meningkatkan keseimbangan flora usus dan berkontribusi terhadap kualitas tinja yang baik. *Protein dipilih karena asimilasinya yang sangat tinggi. DUKUNGAN SISTEM KEKEBALAN Membantu mendukung pertahanan alami anak kucing usia 2 bulan, berkat kompleks antioksidan* yang dipatenkan termasuk vitamin E. *Prancis, paten N EP1146870 PERTUMBUHAN SEHAT Kandungan protein, vitamin dan mineral yang disesuaikan termasuk vitamin D dan kalsium. Kandungan energi yang tinggi cocok untuk periode pertumbuhan yang intens ini. Isi 400gr",81201.00 IDR,in stock,new,https://shopee.co.id/product/262714770/22757786289,https://cf.shopee.co.id/file/sg-11134201-7rbk8-lmsus6288voae5,"https://cf.shopee.co.id/file/sg-11134201-7rblb-lmsunchq8srt75,https://cf.shopee.co.id/file/sg-11134201-7rbka-lmsund2jecrn09,https://cf.shopee.co.id/file/sg-11134201-7rbkv-lmibuai6ooy3fc",Royal Canin,Pets > Pet Food > Cat Food
22555021579,Central Cat's Pet Collar Cone Collar Corong Kucing Anjing Pelindung Leher,"Segera Dapatkan Pet Collar Cone dengan harga murah hanya di Central Cat’s. Serta kebutuhan hewan peliharaan lainnya seperti : Makanan, Obat &amp; Vitamin, Shampoo, Perlengkapan dan Aksesoris Hewan lainnya. Pet Collar Cone Pet collar cone ini merupakan corong penutup yang bisa digunakan pada leher hewan kesayangan anda. Corong ini digunakan agar hewan tidak menjilati/mengigit bagian tubuh mereka yang biasanya berguna pada tahap pengobatan penyakit kulit pasca operasi ataupun sebelum show. Terbuat dari bahan plastik dengan kualitas tinggi, dan terdapat busa pada bagian leher jadi sangat nyaman saat digunakan pada hewan kesayangan anda. *Harap Menanyakan Stok terlebih dahulu",7803.00 IDR,in stock,new,https://shopee.co.id/product/262714770/22555021579,https://cf.shopee.co.id/file/id-11134207-7r98s-llvmv36786us2f,"https://cf.shopee.co.id/file/sg-11134201-7rbkt-llrhp4yaybz7dd,https://cf.shopee.co.id/file/sg-11134201-7r9aq-llrhp4yaybr96a,https://cf.shopee.co.id/file/sg-11134201-7r9aw-llrhp5mq1ei1b6,https://cf.shopee.co.id/file/id-11134207-7r98y-ltks0i6jjspm49,https://cf.shopee.co.id/file/sg-11134201-7rbn2-ll9vdekotgs4f9",Central Cat's,"Pets > Pet Accessories > Leashes, Collars, Harnesses & Muzzles"
22537280748,Baju Kucing Jantan Kemeja Lucu,"Segera Dapatkan Baju Kucing dengan harga murah hanya di Central Cat’s. Serta kebutuhan hewan peliharaan lainnya seperti : Makanan Hewan, Obat &amp; Vitamin Hewan, Shampoo, Perlengkapan dan Aksesoris Hewan lainnya. Baju/Kemeja Kucing dengan beragam motif yang lucu, membuat si Anabul menjadi makin Stylish dan Trendy.. Merk : Minoru Bahan : Rayon idola , flanel , katun jepang (japan design) Mampu menyerap keringat *Harap Chat terlebih dahulu untuk menanyakan stok*",55000.00 IDR,in stock,new,https://shopee.co.id/product/262714770/22537280748,https://cf.shopee.co.id/file/id-11134207-7r98t-llvmv367cek4c0,"https://cf.shopee.co.id/file/sg-11134201-7qvf7-lf9o4amc9h7t17,https://cf.shopee.co.id/file/sg-11134201-7qvcu-lf9o4aj0ec8m87,https://cf.shopee.co.id/file/id-11134207-7ra0o-mdd4979xyu5395,https://cf.shopee.co.id/file/id-11134207-7ra0o-mdd4979y08pj3f,https://cf.shopee.co.id/file/id-11134207-7ra0j-mdd4979xxfknfd,https://cf.shopee.co.id/file/id-11134207-7ra0g-mdd4979y1n9z2a,https://cf.shopee.co.id/file/sg-11134201-23030-guddozuh7xov96",Central Cat's,Pets > Pet Clothing & Accessories > Pet Clothing
22460637745,Teaser Tali Pancing Tikus Mainan Kucing,"Teaser Tali Pancing Tikus Mainan Kucing Mainan untuk kucing kesayangan, tali dari bahan karet jadi bisa membal dan kucingmu akan sangat suka. Aman dan menyehatkan untuk mengajak bermain si anabul. Ayo ajak main kucingmu dengan Tali Pancing Tikus ini agar tidak stres dan bisa meningkatkan kepercayaan hubungan antara kamu dan kucingmu. Terdiri dari Tali, Pancingan, Bulu, Lonceng, Tikus. Ukuran Pancingan 30cm Ukuran Tikus 5.5cm *warna dikirim random",8000.00 IDR,in stock,new,https://shopee.co.id/product/262714770/22460637745,https://cf.shopee.co.id/file/sg-11134201-7rblk-lnwomgec70egf7,"https://cf.shopee.co.id/file/sg-11134201-7rbl4-lnwok8rkq6co28,https://cf.shopee.co.id/file/sg-11134201-7rblb-lnwok91abyxy4d,https://cf.shopee.co.id/file/sg-11134201-7rbn1-lnwok9o1eo6t48,https://cf.shopee.co.id/file/sg-11134201-7rblf-lnwokahg7miw47",Central Cat's,Pets > Pet Accessories > Toys > Dog & Cat Toys > Sticks & Chasers
22454340855,Royal Care Obat Mata Kucing 10ml,"Royal Care Obat Mata isi 10ml Indera penglihatan kucing sangat mudah terjangkit masalah kesehatan. Jika kucing mengalami sakit pada mata, segera berikan obat atau suplemen untuk mengatasi masalah tersebut. Royal Care Mata, obat yang diformulasikan secara khusus untuk menekan perkembangan bakteri. Fungsi Royal Care Obat Mata : 1.Mencegah iritasi mata 2.Mencegah mata berair/belek dan bengkak 3.Mengobati katarak ringan Kandungan dan Fungsinya: Ion Silver Water : Efektif dalam membasmi berbagai jenis bakteri, kuman dan infeksi virus Aquadest : Membersihkan luka dan kotoran pada mata Cara Pemakaian : Teteskan royal care mata ke mata kucing secara langsung, 2 tetes sehari 3 kali Perhatian : Untuk pencegahan cukup 1 kali tetes dalam sehari",16528.00 IDR,in stock,new,https://shopee.co.id/product/262714770/22454340855,https://cf.shopee.co.id/file/sg-11134201-7rbk0-lks0g8yvle870b,"https://cf.shopee.co.id/file/sg-11134201-7rbk0-lks0g7fxtsonb3,https://cf.shopee.co.id/file/sg-11134201-7rbk0-lks0g7kxmh69e5",Royal Care,Pets > Pet Healthcare > Medication
22358278468,Pet Bowl Double Tempat Makan Hewan Macaroon,"Segera Dapatkan Pet Bowl Double Macaroon dengan harga murah hanya di Central Cat’s. Serta kebutuhan hewan peliharaan lainnya seperti : Makanan, Obat &amp; Vitamin, Shampoo, Perlengkapan dan Aksesoris Hewan lainnya. Pet Bowl Double Macaroon Fitur: - Rounded Curve design - Permukaan halus, sehingga aman untuk hewan - Gampang dibersihkan - Warna menarik seperti macaroon *warna dikirim random",9000.00 IDR,in stock,new,https://shopee.co.id/product/262714770/22358278468,https://cf.shopee.co.id/file/sg-11134201-7rbl9-ln006ppdginsf7,"https://cf.shopee.co.id/file/sg-11134201-7rblx-lm77m0fohzkb4b,https://cf.shopee.co.id/file/sg-11134201-7rbnh-lm77m18jbrb97b,https://cf.shopee.co.id/file/sg-11134201-7rbn7-lm77m1xsaszdb2,https://cf.shopee.co.id/file/sg-11134201-7rbkv-lmibuai6ooy3fc",Central Cat's,Pets > Pet Accessories > Bowls & Feeders
22337032359,Baju Kucing Betina Dress Lucu,"Segera Dapatkan Baju Kucing dengan harga murah hanya di Central Cat’s. Serta kebutuhan hewan peliharaan lainnya seperti : Makanan Hewan, Obat &amp; Vitamin Hewan, Shampoo, Perlengkapan dan Aksesoris Hewan lainnya. Baju/Dress Kucing Minoru dengan beragam motif yang lucu, membuat si Anabul menjadi makin Stylish dan Trendy.. Merk : Minoru Bahan : Rayon idola , flanel , katun jepang (japan design) Mampu menyerap keringat *Harap Chat terlebih dahulu untuk menanyakan stok*",55000.00 IDR,in stock,new,https://shopee.co.id/product/262714770/22337032359,https://cf.shopee.co.id/file/id-11134207-7r98v-llvmv367azzoa0,"https://cf.shopee.co.id/file/id-11134207-7qula-lf9fx8yprqrhb5,https://cf.shopee.co.id/file/sg-11134201-7qvdw-lf8dse10aj55e9,https://cf.shopee.co.id/file/sg-11134201-7qvep-lf8dse247hi079,https://cf.shopee.co.id/file/id-11134207-7ra0p-mdd4979xp05z50,https://cf.shopee.co.id/file/sg-11134201-7qvej-lf8dse10946u37,https://cf.shopee.co.id/file/sg-11134201-23030-guddozuh7xov96",Central Cat's,Pets > Pet Clothing & Accessories > Pet Clothing
22083282657,Royal Canin Persian Adult Dry Food 400gr Makanan Kucing Dewasa,"ROYAL CANIN PERSIAN ADULT FORMULASI BRACHYCEPHALIK KHUSUS Kibble berbentuk almond yang dirancang khusus dengan luas permukaan kontak optimal ini mudah diambil dan dikunyah oleh kucing Persia. KESEHATAN RAMBUT PANJANG Kompleks nutrisi eksklusif membantu mendukung peran pelindung kulit, dan membantu menjaga kesehatan kulit dan kecantikan bulu. Diperkaya dengan asam lemak Omega 3 dan Omega 6. MENGURANGI HAIRBALL/BOLA RAMBUT Campuran serat tertentu (termasuk psyllium yang kaya akan lendir) membantu merangsang transit usus secara alami, menghilangkan rambut yang tertelan, dan mengontrol pembentukan bola rambut. KINERJA PENCERNAAN Protein yang sangat mudah dicerna (L.I.P.*) dan prebiotik untuk membantu mendukung keseimbangan flora usus. *Protein dipilih karena daya cernanya yang sangat tinggi. KESEHATAN URIN Diformulasikan dengan keseimbangan mineral untuk membantu menjaga kesehatan sistem saluran kemih kucing dewasa. Isi 400gr",87152.00 IDR,in stock,new,https://shopee.co.id/product/262714770/22083282657,https://cf.shopee.co.id/file/sg-11134201-7rbk9-lmsvuhphav5l16,"https://cf.shopee.co.id/file/sg-11134201-7rbn7-lmsvqavs0l0a59,https://cf.shopee.co.id/file/sg-11134201-7rbnh-lmsvqb4nnl49a1,https://cf.shopee.co.id/file/sg-11134201-7rbni-lmsvqbtwmmux62,https://cf.shopee.co.id/file/sg-11134201-7rbkv-lmibuai6ooy3fc",Royal Canin,Pets > Pet Food > Cat Food
21970364561,Bowl Single Tempat Makan Minum Kucing dan Anjing,"Halo! Selamat datang di Central Cat's.. Kami menjual berbagai macam kebutuhan serta keperluan hewan peliharaan kamu.. Selamat berbelanja! Bowl single, mangkuk plastik tempat makan dan minum hewan",5525.00 IDR,in stock,new,https://shopee.co.id/product/262714770/21970364561,https://cf.shopee.co.id/file/id-11134207-7r98o-lkkeh6f8owtn0d,"https://cf.shopee.co.id/file/sg-11134201-23010-3yz60ewg5ulv64,https://cf.shopee.co.id/file/sg-11134201-23010-1pbw5c2g5ulv0f",Central Cat's,Pets > Pet Accessories > Bowls & Feeders
21878062387,Collar Kucing Renda Lucu,Collar/Kalung kucing yang terbuat dari bahan kain berenda dan membuat si Anabul semakin lucu dan stylish.. Manfaat: - Anabul menjadi semakin Stylish - Untuk mencegah anabul menjilati tubuhnya - Untuk melindungi bekas luka - Untuk persiapan show atau lomba kecantikan kucing Merk: Minoru Bahan: Kain dan renda Tersedia dalam berbagai varian corak yang lucu Cara penggunaan: Ikatlah tali collar pada leher anabul,45000.00 IDR,in stock,new,https://shopee.co.id/product/262714770/21878062387,https://cf.shopee.co.id/file/id-11134207-7r990-llvmv367dt4k7c,"https://cf.shopee.co.id/file/sg-11134201-7qvd9-lfcmzkp1ac87e9,https://cf.shopee.co.id/file/sg-11134201-7qve2-lfbxo3edj7ph1d",Central Cat's,Pets > Pet Clothing & Accessories > Neck Accessories
21786201617,Sisir Grooming 2 Sisi Kucing dan Anjing,"Sisir Grooming untuk Kucing dan Anjing Fitur : - Sisir dengan dua sisi: 1. Pin Brush untuk menghilangkan bulu kusut dan mengangkat bulu mati pada lapisan bawah bulu. 2. Bristle Brush untuk menghilangkan rambut rontok dan kotoran pada lapisan atas bulu, furniture, dan karpet. - Pegangan anti selip yang nyaman dan santai tanpa merasa lelah. - Didesain dengan permukaan halus, sangat bagus untuk grooming dan memijat tanpa menggores kulit. - Menyisir dapat meningkatkan sirkulasi darah dan membantu mencegah kerontokan bulu di kemudian hari. - Mudah dibersihkan, cukup hilangkan rambut dan bulu yang menempel di sisir dengan tangan, tidak perlu alat lagi.",28000.00 IDR,in stock,new,https://shopee.co.id/product/262714770/21786201617,https://cf.shopee.co.id/file/sg-11134201-7rblk-lnwogofsint1a3,"https://cf.shopee.co.id/file/sg-11134201-7rbkj-lnwo9zssnwny59,https://cf.shopee.co.id/file/sg-11134201-7rbkj-lnwoa0ktiwol1b,https://cf.shopee.co.id/file/sg-11134201-7rbmv-lnwoa1fw9fjpba,https://cf.shopee.co.id/file/sg-11134201-7rbl4-lnwoa21jdr60a9,https://cf.shopee.co.id/file/sg-11134201-7rbl0-lnwogt0btw5142",Central Cat's,Pets > Pet Grooming > Others
21718368296,PACKING EXTRA,Packing Extra !! Agar paketmu jadi lebih aman isi : dus & bubble wrap,1000.00 IDR,in stock,new,https://shopee.co.id/product/262714770/21718368296,https://cf.shopee.co.id/file/d4594a1669a7229446ee3e9da629c7d6,,Central Cat's,Stationery > Gift & Wrapping > Carton Boxes
21485372280,Tisu Basah Pembersih Mata Telinga Kucing dan Anjing 130pcs,"EYE/EAR WIPES Kapas/Tisu pembersih noda pada mata dan telinga hewan Spesifikasi: 1 jar isi 130 lembar kapas Size kapas/tisu :Diameter kurang lebih 5cm Varian: 1. Eye : Untuk membersihkan noda atau tear stain pada mata hewan 2. Ear : Untuk membersihkan kotoran telinga hewan Keunggulan: 1. Berbahan dasar aloevera yang sangat aman untuk hewan 2. Bisa digunakan sehari-hari untuk mencegah dan membersihkan tear stain 3. Mengurangi bau tidak sedap pada bagian mata dan telinga 4. Menjaga kebersihan dan kesehatan hewan 5. Tidak beralkohol 6. Mudah digunakan dan sangat nyaman 7. Cocok digunakan untuk anjing, kucing, kelinci, dan hewan lainnya",25000.00 IDR,in stock,new,https://shopee.co.id/product/262714770/21485372280,https://cf.shopee.co.id/file/sg-11134201-7rblq-ln00jo2703pi78,"https://cf.shopee.co.id/file/sg-11134201-7rbm8-lm324kwh6evk1b,https://cf.shopee.co.id/file/sg-11134201-7rbkp-lm324k5k9sujcf,https://cf.shopee.co.id/file/sg-11134201-7rbkz-lm324l1gxpay37,https://cf.shopee.co.id/file/sg-11134201-7rbk8-lm324lma38xx41",Central Cat's,Pets > Pet Grooming > Others
21370364190,Bowl Double Kotak Tempat Makan Minum Kucing dan Anjing,"Halo! Selamat datang di Central Cat's.. Kami menjual berbagai macam kebutuhan serta keperluan hewan peliharaan kamu.. Selamat berbelanja! Bowl Double plastik bentuk kotak, wadah/tempat makan dan minum untuk hewan..",10000.00 IDR,in stock,new,https://shopee.co.id/product/262714770/21370364190,https://cf.shopee.co.id/file/id-11134207-7r98o-lkknonlbo5xxfa,"https://cf.shopee.co.id/file/sg-11134201-23010-d5pwjjwj5ulvb9,https://cf.shopee.co.id/file/sg-11134201-23010-nkleq4rj5ulv60",Central Cat's,Pets > Pet Accessories > Bowls & Feeders
21192988476,Scoop Sendok Pakan Hewan Kucing Anjing,"Sendok yang dapat digunakan sebagai sendok / sendok takaran makanan dry food untuk hewan kesayangan anda seperti Anjing, kucing, kelinci, dan lainnya. Desain Praktis dengan pegangan, nyaman untuk mengambil makanan kering, Spesifikasi Ukuran : 21 cm x 11 cm Bahan : Plastik Food Grade berkualitas Ujung dan Pinggiran halus tidak tajam *warna dikirim random",10000.00 IDR,in stock,new,https://shopee.co.id/product/262714770/21192988476,https://cf.shopee.co.id/file/id-11134207-7r98v-llrjjznd5upgc2,"https://cf.shopee.co.id/file/sg-11134201-7rbni-llj9v2ic033gf7,https://cf.shopee.co.id/file/sg-11134201-7rbm1-llj9v2go2iawf8,https://cf.shopee.co.id/file/sg-11134201-7rbn2-ll9vdekotgs4f9",Central Cat's,Pets > Pet Accessories > Bowls & Feeders
21087306418,Markotops Pasir Gumpal Kucing 25L,Halo! Selamat datang di Central Cat's.. Kami menjual berbagai macam kebutuhan serta keperluan hewan peliharaan kamu.. Selamat berbelanja! Markotops Bentonite Cat Litter Pasir Gumpal Wangi untuk Kucing ✓ Natural / Alami ✓ Low Dust / Minim Debu ✓ Fast Clumping / Cepat Menggumpal ✓ Odor Control / Mengontrol Bau Varian Aroma: - Lavender - Cappucino - Lemon - Apple Isi 25L,145750.00 IDR,in stock,new,https://shopee.co.id/product/262714770/21087306418,https://cf.shopee.co.id/file/sg-11134201-7rbkg-lqk9fdio9ktm49,"https://cf.shopee.co.id/file/sg-11134201-7rblo-lqk52d3hwf9hc3,https://cf.shopee.co.id/file/sg-11134201-7rbmz-lqk52cyi54tmff,https://cf.shopee.co.id/file/sg-11134201-7rbmo-lqk52dcxk0u2d1,https://cf.shopee.co.id/file/sg-11134201-7rbks-lqk52d5pxdnq0d",Markotops,Pets > Litter & Toilet > Others
20884058347,Sticky Lint Roller Pembersih Bulu Hewan Kucing Anjing,"Pakaian anda kotor terkena bulu kucing ? Di Karpet, sofa, kasur, atau tempat lainnya? Gak usah khawatir! Dengan menggunakan Lint Roller ini, semua debu-debu halus dan bulu kucing yang rontok dan juga rambut yang bertebaran di lantai bisa terangkat dengan mudah. Kertas bisa diganti dan dilepas jika sudah tidak lengket. Ukuran besar, terdapat gagang yang sangat pas digenggam tangan. Praktis dan mudah digunakan!",10843.00 IDR,in stock,new,https://shopee.co.id/product/262714770/20884058347,https://cf.shopee.co.id/file/sg-11134201-7rbmp-llkdupuoyljxa5,"https://cf.shopee.co.id/file/sg-11134201-7rbl7-llkdupzerpgs27,https://cf.shopee.co.id/file/sg-11134201-7rbmr-llkdurf0o65k7b,https://cf.shopee.co.id/file/sg-11134201-7rbm2-llkdurkufna5ef,https://cf.shopee.co.id/file/sg-11134201-7r98u-llkdurkagghh5b",Central Cat's,Pets > Pet Accessories > Others
20795254727,Bowl Double Transparan Tempat Makan Minum Kucing dan Anjing,"Bowl Double Transparan Mangkuk untuk makan dan minum hewan peliharaan kesayangan Anda. Di desain khusus untuk memberikan perlindungan leher dan tulang belakang hewan kesayangan anda, terdapat 2 mangkuk untuk makan dan minum. Spesifikasi - Dua mangkuk - Bahan : Plastik - Size : 28,7cm x12cm x 5,5cm Bowl : 12,7cm x12,7cm x 4,5cm Keunggulan Produk : 1. Desain mangkuk miring 15 derajat memudahkan anabul untuk menjangkau makanan, desain ini juga membuat kumis kucing tidak akan menyentuh pinggiran bowl. 2. Kokoh, stabil, anti tumpah 3. Tidak mudah rusak/awet, bisa untuk pemakaian lama 4. Mangkuk dapat dilepas, sehingga mudah dibersihkan 5. Material premium food grade, aman untuk hewan peliharaan",45000.00 IDR,in stock,new,https://shopee.co.id/product/262714770/20795254727,https://cf.shopee.co.id/file/sg-11134201-7rbmu-lo42g66lubm98e,"https://cf.shopee.co.id/file/sg-11134201-7rbmm-lo42ckgvnwhiff,https://cf.shopee.co.id/file/sg-11134201-7rbl6-lo42cmm0j0wh62,https://cf.shopee.co.id/file/sg-11134201-7rbmv-lo42cnb9kvv5d8,https://cf.shopee.co.id/file/sg-11134201-7rbmp-lo42co58a829db,https://cf.shopee.co.id/file/sg-11134201-7rbmt-lo42h6b30mye47,https://cf.shopee.co.id/file/sg-11134201-7rblq-lo42h6aszmw56d,https://cf.shopee.co.id/file/sg-11134201-7rbl5-lo42h7ddjehr77",Central Cat's,Pets > Pet Accessories > Bowls & Feeders
20565708033,Serokan Pup Kucing Sekop,Serokan Pup kucing terbuat dari bahan plastik berfungsi untuk menyerok/mengambil kotoran kucing,5000.00 IDR,in stock,new,https://shopee.co.id/product/262714770/20565708033,https://cf.shopee.co.id/file/id-11134207-7r98o-lkknonlbpkid90,"https://cf.shopee.co.id/file/sg-11134201-22110-ab57oc818gkv82,https://cf.shopee.co.id/file/sg-11134201-22110-ipch5yq28gkveb",Central Cat's,Pets > Litter & Toilet > Poop Bags & Scoopers
20489004524,Botol Shaker Grooming 500ml,"Halo! Selamat datang di Central Cat's.. Kami menjual berbagai macam kebutuhan serta keperluan hewan peliharaan kamu.. Selamat berbelanja! Botol shaker untuk mencampur air dan shampoo hewan. Botol ini membuat agar busa menjadi banyak sehingga penggunaan shampoo merata ke seluruh bagian tubuh hewan. *Jika ingin melihat gambar produk, bisa langsung chat kami",35000.00 IDR,in stock,new,https://shopee.co.id/product/262714770/20489004524,https://cf.shopee.co.id/file/id-11134207-7qul1-lh4kfqh3i2e41c,https://cf.shopee.co.id/file/id-11134207-7qukw-lh4kfqh3jgyke9,Central Cat's,Pets > Pet Grooming > Others
19992984000,Giant Feed 1kg Repack Pelet Pakan Kelinci Organik Premium Quality,"Pelet Giant Feed Pakan khusus untuk Kelinci dengan kualitas Premium Kemasan Repack 1kg *Harga yang tercantum sudah termasuk packaging aman Pakan kelinci yang berkualitas premium ini adalah pilihan yang tepat untuk mempercepat pertumbuhan kelinci Anda. Giant Feed terbuat dari bahan-bahan organik yang tidak mengandung bahan pengawet sehingga aman untuk dikonsumsi oleh kelinci. Selain itu, kotoran kelinci yang dihasilkan tidak bau sehingga tidak mengganggu lingkungan sekitar. Giant Feed dapat digunakan untuk semua jenis kelinci dan mengandung nutrisi lengkap yang dibutuhkan oleh kelinci. Kandungan nutrisi yang terdapat pada Giant Feed adalah 52% karbohidrat, 4% lemak, 13% serat, 16% protein, dan 15% mineral. Dengan kandungan nutrisi yang lengkap, kelinci Anda akan mendapatkan asupan nutrisi yang cukup untuk menjaga kesehatan dan pertumbuhannya. Keunggulan dari Giant Feed adalah bahan-bahan yang digunakan berasal dari sumber daya alam yang berkelanjutan dan tidak merusak lingkungan. Selain itu, Giant Feed juga 100% organik sehingga aman untuk dikonsumsi oleh kelinci. Dengan menggunakan Giant Feed, Anda dapat memberikan pakan yang sehat dan berkualitas untuk kelinci Anda tanpa khawatir akan dampak negatif pada lingkungan sekitar. Keunggulan Giant Feed : 1. Tanpa bahan pengawet 2. Dapat mempercepat pertumbuhan kelinci 3. Kotoran padat tidak bau 4. Bisa untuk semua jenis kelinci 5. Nutrisi lengkap 6. 100% Organik Mengandung : 52% karbohidrat 4% lemak 13% serat 16% protein 15% mineral Bahan baku pakan: wheat pollard, palm karnel meal, soyabean meal, rice brand, corn gluten feed, coconut meal, soyabean husk, coffee husk, sugarcane top hay, corn top hay, legume, molasses, salt. Bahan tambahan: Lysine, Methionine, Herbal PERINGATAN Tidak diperuntukan jenis unggas",13403.00 IDR,in stock,new,https://shopee.co.id/product/262714770/19992984000,https://cf.shopee.co.id/file/id-11134207-7r98p-ln9w97gw5j7t6a,"https://cf.shopee.co.id/file/sg-11134201-7r98o-llho2m57rfkra2,https://cf.shopee.co.id/file/sg-11134201-7rbku-llho2l3ra8ol38,https://cf.shopee.co.id/file/sg-11134201-7r9b6-llho2nq3g78sde,https://cf.shopee.co.id/file/id-11134207-7r98y-lsox65rjxmylce",Giant Feed,Pets > Pet Food > Small Pet Food
19884314246,Central Cats Tali Tuntun/Harness Kucing dan Anjing Rompi,"Body Harness/Tali tuntun untuk Kucing/Anjing dengan design elegant, fashionable dan nyaman digunakan. Dengan bahan berkualitas, terasa adem dan breathable tidak membuat hewan anda sesak napas. Terdapat free leash tali tuntun, cocok untuk Anda yang memelihara hewan peliharaan. Keunggulan produk : - Terdapat Body Harness dan leash tali tuntun Hewan - Body harness tidak dipakai ke badan bawah hewan sehingga aman dan nyaman untuk hewan peliharaan - Bahan berkualitas, terasa adem, breathable dan nyaman - Terdapat strap sehingga harness bisa disesuaikan dengan ukuran hewan peliharaan anda - Mudah untuk dipasang pada hewan peliharaan anda sama seperti mengenakan baju pada hewan peliharaan anda Detail Ukuran sesuai dengan BB hewan peliharaan: S: 1.5Kg – 3Kg M: 3Kg – 4Kg L: 4Kg – 6Kg Warna yang dikirim random panjang tali: 120cm Mohon perhatian, pengukuran dilakukan secara manual, mungkin ada kesalahan 1-2cm, mohon merujuk ke produk",25000.00 IDR,in stock,new,https://shopee.co.id/product/262714770/19884314246,https://cf.shopee.co.id/file/id-11134207-7r98p-llvmv3675dpwd0,"https://cf.shopee.co.id/file/sg-11134201-7rbm8-lluqroac85l712,https://cf.shopee.co.id/file/sg-11134201-7r9c1-lluqro84beeh13,https://cf.shopee.co.id/file/sg-11134201-7rbmg-lluqrpsq1z6i42,https://cf.shopee.co.id/file/sg-11134201-7rbn2-ll9vdekotgs4f9",Central,"Pets > Pet Accessories > Leashes, Collars, Harnesses & Muzzles"
19794261743,Happy Cat Vet Recovery 100gr,"Happy Cat VET Recovery 100gr Makanan kucing basah Happy Cat VET Recovery adalah makanan basah terapi untuk membantu pemulihan pasca operasi dan penyakit. Mengandung nutrisi khusus berenergi tinggi untuk mendukung regenerasi tubuh. Fungsi: - Palatabilitas tinggi untuk membangkitkan selera makan. - Kandungan energi tinggi untuk regenerasi tubuh. - Sumber protein mudah dicerna dari ayam, kalkun, dan telur. - Mengembalikan berat badan pada kasus malnutrisi. Komposisi: Daging dan jeroan ayam (50%) dan kalkun (15%), ubi, telur utuh kering (2%), protein kentang, mineral, minyak ikan salmon (0.5%), selulosa, akar chicory (sumber FOS), biji milk thistle. Informasi nilai gizi: Protein kasar 12,8%, lemak kasar 7,4%, serat kasar 0,3%, abu mentah 1,8%, kelembapan 75%. Energi: ME: 1245 kkal/kg. Konsultasikan kebutuhan khusus kucingmu dengan dokter hewan. Made with love in Germany.",31642.00 IDR,in stock,new,https://shopee.co.id/product/262714770/19794261743,https://cf.shopee.co.id/file/sg-11134201-7rbkq-lmyexsmvzpe319,"https://cf.shopee.co.id/file/sg-11134201-7rbls-lmyenjurnpeh6d,https://cf.shopee.co.id/file/sg-11134201-7rbmg-lmyenjwzn9eie8,https://cf.shopee.co.id/file/sg-11134201-7rbkv-lmibuai6ooy3fc",Happy Cat,Pets > Pet Food > Cat Food
19494541006,Sisir Grooming Kucing Anjing Stainless Steel,"Segera Dapatkan Sisir Grooming Stainless Steel dengan harga murah hanya di Central Cat’s. Serta kebutuhan hewan peliharaan lainnya seperti : Makanan, Obat & Vitamin, Shampoo, Perlengkapan dan Aksesoris Hewan lainnya. Sisir Grooming Hewan - Membantu mengurangi bulu kusut/gimbal, rontok, dan bulu mati - Mencegah anabul menelan hairball kemudian memuntahkannya yang dapat mengganggu kesehatan anabul - Membuat bulu hewan menjadi lebih halus - Menyisir dapat membuat mereka rileks. - Melancarkan peredaran darah sehingga semakin sehat Bahan : Stainless Steel",20000.00 IDR,in stock,new,https://shopee.co.id/product/262714770/19494541006,https://cf.shopee.co.id/file/sg-11134201-7rblp-ln71x7mj374646,"https://cf.shopee.co.id/file/sg-11134201-7rbkq-lm38m3afeq776d,https://cf.shopee.co.id/file/sg-11134201-7rbme-lm38m4djtgwg0a,https://cf.shopee.co.id/file/sg-11134201-7rbks-lm38m5c8epqo7c,https://cf.shopee.co.id/file/sg-11134201-7rbkv-lmibuai6ooy3fc",Central Cat's,Pets > Pet Accessories > Others
19490019791,Proplan Kitten Chicken Formula 1.5kg Freshpack Makanan Kucing,"PRO PLAN KITTEN CHICKEN FORMULA Proplan Kitten Chicken Formula dibuat dari daging ayam asli sebagai bahan baku utamanya. Diperkaya Kolostrum dan nutrisi lainnya, Pro Plan Kitten diperuntukkan bagi anak kucing hingga berusia satu tahun untuk membantu mengoptimalkan sistem imun serta tumbuh kembangnya. Manfaat : 1. Kolostrum - nutrisi untuk perkembangan sistem imun tubuh yang sehat pada anak kucing. 2. DHA, juga dapat ditemukan dalam susu induk, guna mendukung perkembangan otak. 3. Mendukung kesehatan tulang, gigi dan perkembangan otot. 4. Terbukti secara klinis kandungan antioksidan untuk pertahanan tubuh. 5. Rambut yang lembut dan berkilau. Komposisi Daging Ayam (daging ayam terdehirasi, ayam); beras; minyak hewani; daging salmon terdehidrasi; gandum utuh; protein jagung; daging tuna terdehidrasi; mineral, vitamin, asam amino, asam organik dan perisa alami (termasuk kalsium, fosfor, sodium, klorida, potasium, magnesium, mangan, tembaga, zink, zat besi, yodium, selenium, vitamin A, vitamin B1, vitamin B2, vitamin B3, asam folar, vitamin B5, vitamin B6, vitamin B12, vitamin C, vitamin D, vitamin E, kolin, metionin, taurin, pirofosfat); minyak ikam; kolostrum dan antioksidan alami.",210000.00 IDR,in stock,new,https://shopee.co.id/product/262714770/19490019791,https://cf.shopee.co.id/file/id-11134207-7r98s-lqoacjd7l6va02,"https://cf.shopee.co.id/file/sg-11134201-7qvdv-li8b1y86avb493,https://cf.shopee.co.id/file/sg-11134201-7qvff-li8b1x8dr8jb01,https://cf.shopee.co.id/file/id-11134207-7r98z-lqoacjd7mlfqdd,https://cf.shopee.co.id/file/sg-11134201-7qvd0-li8b21qp5pik1d,https://cf.shopee.co.id/file/id-11134201-7qula-lh4btop1ex2kc1",Pro Plan,Pets > Pet Food > Cat Food
19393399053,Happy Cat Minkas Urinary Care 500gr Makanan Kucing,"Happy Cat Minkas Urinary Care Adult 500gr Makanan kucing Happy Cat Minkas Urinary Care untuk kucing dewasa di atas umur 1 tahun. Happy Cat Minkas Urinary Care mengandung protein dan mineral yang seimbang untuk menjaga kesehatan saluran kemih kucing dewasa. Kadar fosfor dan magnesium yang rendah menjaga nilai pH urin sehingga mencegah penyakit saluran kemih (FUS/FLUTD). - Kadar protein 32% dan lemak 12%. - Kandungan protein dan mineral seimbang untuk menjaga saluran kemih yang sehat. - Mendukung pH urin yang ideal untuk mencegah resiko penyakit saluran kemih. - Ukuran kibble sedang: 10 mm x 6 mm. Nilai gizi: Protein 32%, lemak 12%, serat kasar 2.5%, abu kasar 7.0%, kalsium 1.1%, fosfor 0.8%, sodium 0.4%, kalium 0.6%, magnesium 0.08%, Omega-6 2.5%, Omega-3 0.25%.",54783.00 IDR,in stock,new,https://shopee.co.id/product/262714770/19393399053,https://cf.shopee.co.id/file/id-11134207-7r98s-ln73446ystz504,"https://cf.shopee.co.id/file/sg-11134201-7rbmx-llyp3pd205ehd6,https://cf.shopee.co.id/file/sg-11134201-7rbla-llyp3pdlwj7vd6",Happy Cat,Pets > Pet Food > Cat Food
18774343088,Wood Pet Bowl Tempat Makan Minum Kayu Kucing dan Anjing,"Halo! Selamat datang di Central Cat's.. Kami menjual berbagai macam kebutuhan serta keperluan hewan peliharaan kamu.. Selamat berbelanja! Wood Pet Bowl (Double Bowl) Tempat makan dan minum kayu estetik dengan dua mangkok (bowl), cocok untuk hewan peliharaanmu.. Keunggulan: 1. Desain estetik, 2. Terbuat dari bahan kayu jati belanda dengan serat yang unik dan ringan, 3. Mudah dibersihkan, 4. Terdapat anti slip pada bagian kaki, 5. Mangkok terbuat dari bahan stainless steel premium sehingga awet digunakan Spesifikasi: Panjang = 36cm Lebar = 18cm Tinggi depan = 11,5cm Tinggi belakang = 10cm Diameter mangkok = 16cm *Toleransi ukuran 1-2cm",110000.00 IDR,in stock,new,https://shopee.co.id/product/262714770/18774343088,https://cf.shopee.co.id/file/id-11134201-23020-z42cimfi3wnveb,"https://cf.shopee.co.id/file/id-11134201-23020-8me0zofi3wnv3e,https://cf.shopee.co.id/file/id-11134201-23020-rwz90ofi3wnv21,https://cf.shopee.co.id/file/id-11134201-23020-gxi80v9h3wnv14",Central Cat's,Pets > Pet Accessories > Bowls & Feeders
18184560070,Botol Minum Gantung Hewan Hamster Kucing Kelinci,"Segera Dapatkan Botol Minum Gantung Hewan dengan harga murah hanya di Central Cat’s. Serta kebutuhan hewan peliharaan lainnya seperti : Makanan, Obat &amp; Vitamin, Shampoo, Perlengkapan dan Aksesoris Hewan lainnya. Botol Minum Gantung Hewan - Dapat digantung di kandang - Cocok digunakan untuk hewan peliharaan seperti hamster, kelinci, kucing, dan lainnya. - Sangat mudah dipasang dan diisi ulang - Material : Plastik dan Stainless Steel *Warna dikirim random",14028.00 IDR,in stock,new,https://shopee.co.id/product/262714770/18184560070,https://cf.shopee.co.id/file/id-11134207-7r98v-lmzxn535mbbr83,"https://cf.shopee.co.id/file/sg-11134201-7rbmx-lm2xytv89k3p6c,https://cf.shopee.co.id/file/sg-11134201-7rbl7-lm2xyukha0pvfb,https://cf.shopee.co.id/file/sg-11134201-7rbkc-lm2xyuwoqqu2c4,https://cf.shopee.co.id/file/sg-11134201-7rbn2-ll9vdekotgs4f9",Central Cat's,Pets > Pet Accessories > Bowls & Feeders
18151069952,Ilium Ear Drops - Obat Earmites/Kutu Telinga Kucing dan Anjing 20ml,Halo! Selamat datang di Central Cat's.. Kami menjual berbagai macam kebutuhan serta keperluan hewan peliharaan kamu.. Selamat berbelanja! ILIUM EAR DROPS Membasmi tuntas : 1. Kutu telinga/Earmites 2. Jamur di dalam telinga 3. Bakteri di dalam telinga. Cara Pemakaian : 4-8 tetes di telinga dua kali sehari selama 4 hingga 7 hari. isi 20ml,181770.00 IDR,in stock,new,https://shopee.co.id/product/262714770/18151069952,https://cf.shopee.co.id/file/id-11134207-7r98t-loz9gre5fqm2ed,"https://cf.shopee.co.id/file/id-11134207-7r98p-loz9gre5h56i04,https://cf.shopee.co.id/file/sg-11134201-22090-cu0q9to1j4hv6f,https://cf.shopee.co.id/file/3a1d78e6a4f3cb1c29edc8f8156e74a5",Ilium,Pets > Pet Healthcare > Medication
18086328668,Pet Bowl Dispenser 2 IN 1 Tempat Makan Minum Hewan,"Segera Dapatkan Pet Bowl with Dispenser 2in1 dengan harga murah hanya di Central Cat’s. Serta kebutuhan hewan peliharaan lainnya seperti : Makanan, Obat & Vitamin, Shampoo, Perlengkapan dan Aksesoris Hewan lainnya. Pet Bowl 2in1 FITUR : - Water Dispenser with Automatic Filling - Desain Mangkok bentuk kepala kucing yang bisa diangkat - Mangkok dengan kemiringan 15 derajat, memberikan kenyamanan anabul pada saat makan Bahan : Plastik Warna : Putih Ukuran : 23.5 x 13 x 5 cm Diameter mangkok : 12 cm",50000.00 IDR,in stock,new,https://shopee.co.id/product/262714770/18086328668,https://cf.shopee.co.id/file/sg-11134201-7rbmd-lo41kq7ybyote1,"https://cf.shopee.co.id/file/sg-11134201-7rbl2-lo41ll0f9urn6d,https://cf.shopee.co.id/file/sg-11134201-7rbms-lo419yyr1837f6,https://cf.shopee.co.id/file/sg-11134201-7rblx-lo41llcmrzg3ba,https://cf.shopee.co.id/file/sg-11134201-7rbn6-lo41llkyfsmo26",Central Cat's,Pets > Pet Accessories > Bowls & Feeders
18022269941,Freshotic Pet Ear Cleaner - Pembersih Telinga Hewan,"Halo! Selamat datang di Central Cat's.. Kami menjual berbagai macam kebutuhan serta keperluan hewan peliharaan kamu.. Selamat berbelanja! FRESHOTIC by Hexapet FRESHOTIC Merupakan produk berbasis cairan ionic silver dan asam karbolik yang di desain khusus sebagai antiseptik dalam membantu proses irigasi pembersihan kotoran telinga ( earwax ) dan sebagai terapi berbagai macam kasus telinga bagian luar dan tengah. Freshotic bekerja dengan mendenaturasi protein untuk memecah dan melumerkan kotoran,terjadinya cerumen impakta ( penumpukan & penyumbatan kotoran telinga ) Penggunaan freshotic adalah cara yang jauh lebih aman dan efektif di bandingkan cara lama yaitu tindakan Q tip dengan penggunaan cutton bud yang justru akan sangat akan membahayakan bagi kesehatan telinga hewan peliharaan. Freshotic di formulasi khusus sebagai agen antibakteriosida dan anesthetic propertie juga sebagai oxydator yang cukup kuat dan efektiv dalam penanganan kasus earmites serta sebagai terapi tambahan dalam kasus kasus peradangan terutama pada otitis media externa ( telinga luar & tengah ) Dengan menggunakan extract cucumber untuk memastikan kondisi kelembaban telinga sehingga mampu menahan kotoran dari udara luar masuk ke dalam rongga. Dengan aroma natural fregrance yang segar untuk menghilangkan bau tak sedap karena kotoran atau manifestasi bakteri.",22204.00 IDR,in stock,new,https://shopee.co.id/product/262714770/18022269941,https://cf.shopee.co.id/file/id-11134207-7qukx-lkhv4w0iugt582,"https://cf.shopee.co.id/file/id-11134207-7rbk5-m99s0qk144r5e1,https://cf.shopee.co.id/file/id-11134207-7r98q-lo2c9mecdv2fc9,https://cf.shopee.co.id/file/id-11134207-7r991-lo2c9mecf9mvd3,https://cf.shopee.co.id/file/3a1d78e6a4f3cb1c29edc8f8156e74a5",Freshotic,Pets > Pet Healthcare > Medication
17406086879,Arthacat Tofu Cat Litter 7L - Pasir Gumpal Kucing Tofu Soya,"Halo! Selamat datang di Central Cat's.. Kami menjual berbagai macam kebutuhan serta keperluan hewan peliharaan kamu.. Selamat berbelanja! Arthacat Natural Tofu Cat Litter 7 liter Arthacat Natural Tofu Cat Litter adalah pellet yg berasal dari tahu yang dipadatkan sehingga memiliki fungsi gumpal ketika terkena air kencing atau kotoran kucing Anda. Alaminya kucing akan buang air pada media pasir atau tanah dan menguburnya. Arthacat Natural Tofu Cat Litter ini dapat digunakan oleh kucing untuk buang kotoran sebagai pengganti pasir. Arthacat Natural Tofu Cat Litter ini mudah terurai sehingga dapat mengurangi limbah. Keunggulan Arthacat Natural Tofu Cat Litter: - Tidak berdebu - Cepat menyerap - Menggumpal - Mudah di bersihkan - Mudah terurai Produk buatan Lokal. Varian :: - Peach - Milk - Coffee - Charcoal - Apple - Green Tea Kemasan praktis vakum agar butiran tidak remuk. Saran Penggunaan: - Taruh Arthacat Natural Tofu Cat Litter pada bak secukupnya - Apabila Kucing sudah buang air, kotorannya akan menggumpal. Buang bagian yang menggumpalnya saja menggunakan serokan atau sekop - Arthacat Natural Tofu Cat Litter lainnya yg masih bersih atau tidak terkena kotoran masih tetap dapat digunakan kembali tanpa perlu mencuci bak. Arthacat Natural Tofu Cat Litter lainnya tidak perlu di buang. Saran : Jagalah kebersihan media sanitasi kucing Anda dengan rutin mengganti Arthacat Natural Tofu Cat Litter dan mencuci baknya secara teratur. Berat bersih : 7lt / 2.5kg",81900.00 IDR,in stock,new,https://shopee.co.id/product/262714770/17406086879,https://cf.shopee.co.id/file/id-11134207-7r98q-llvmv3676sac69,"https://cf.shopee.co.id/file/f2e6cc6a07410fbadc4f1a0bd8fd507d,https://cf.shopee.co.id/file/35656a9779321407ee29df26f95a63d6,https://cf.shopee.co.id/file/c1482a31d65cbcd5cfd0ed96e733fc3c,https://cf.shopee.co.id/file/3a1d78e6a4f3cb1c29edc8f8156e74a5",Arthacat,Pets > Litter & Toilet > Cat Litter & Boxes
17291895225,Litter Box Kucing - Bak Pasir Kucing,"Segera Dapatkan Litter Box dengan harga murah hanya di Central Cat’s. Serta kebutuhan hewan peliharaan lainnya seperti : Makanan Hewan, Obat & Vitamin Hewan, Shampoo, Perlengkapan dan Aksesoris Hewan lainnya. Litter Box Size L Bak pasir kucing motif paw ukuran 42 x 32 x 13 cm Litter Box Size XL Bak pasir kucing motif paw ukuran 52 x 38 x 17 cm",20000.00 IDR,in stock,new,https://shopee.co.id/product/262714770/17291895225,https://cf.shopee.co.id/file/id-11134207-7r98o-lkkeh6f8qbe3dc,"https://cf.shopee.co.id/file/e0ddbec2396939c0148a7fdc5e3edff3,https://cf.shopee.co.id/file/id-11134207-7qul1-lgx9uxmis4vnd2,https://cf.shopee.co.id/file/id-11134207-7qul2-lgx9uxmitjg3f2,https://cf.shopee.co.id/file/sg-11134201-23010-qx3l448l5ulv4f",Central Cat's,Pets > Litter & Toilet > Cat Litter & Boxes
17198946984,Happy Cat Minkas Junior Care 500gr Freshpack Makanan Kucing,"Happy Cat Minkas Junior Care (Kitten usia 4 bulan – 12 bulan) Makanan kucing Happy Cat Minkas Junior Care untuk anak kucing umur 4-12 bulan. Happy Cat Minkas Junior Care memenuhi kebutuhan gizi anak kucing dalam masa pertumbuhan. Makanan ideal dengan nutrisi seimbang yang dilengkapi vitamin, mineral, dan Omega-3 dan 6 untuk pertumbuhan anak kucing yang optimal. - Kadar protein 32% dan lemak 18%. - Terbuat dari daging unggas berkualitas terbaik. - Mengandung Omega-3 dan 6 untuk kulit yang sehat, bulu yang bagus dan berkilau. - Ukuran kibble kecil: 7 mm x 4 mm. Komposisi: Protein unggas** (33%), lemak unggas, kentang, jagung, tepung jagung, gandum, tepung daging, tepung ikan, bubur bit* (tanpa gula), lignoselulosa, minyak bunga matahari, apel pomace*, sodium klorida, minyak kanola, yucca schidigera* (0.04%); *) dikeringkan, **) dikeringkan, sebagian dihidrolisis. Nilai gizi: Protein 32%, lemak 18%, serat kasar 2.5%, abu kasar 7.0%, kalsium 1.45%, fosfor 0.85%, sodium 0.45%, kalium 0.5%, magnesium 0.1%, Omega-6 3.0%, Omega-3 0.25%.",78000.00 IDR,in stock,new,https://shopee.co.id/product/262714770/17198946984,https://cf.shopee.co.id/file/sg-11134201-7rbka-llynsb2kwyff29,"https://cf.shopee.co.id/file/sg-11134201-7rblk-llynsbqzvtbt7d,https://cf.shopee.co.id/file/sg-11134201-7rbk4-llynsbsntdmh92,https://cf.shopee.co.id/file/sg-11134201-7rbkp-llynscgsu1y169,https://cf.shopee.co.id/file/sg-11134201-7rbl0-llynsdu6tsf761",Happy Cat,Pets > Pet Food > Cat Food
13199448944,Growssy Milk Susu Kucing Box,"Segera Dapatkan Susu Growssy dengan harga murah hanya di Central Cat’s. Serta kebutuhan hewan peliharaan lainnya seperti : Makanan, Obat & Vitamin, Shampoo, Perlengkapan dan Aksesoris Hewan lainnya. Isi 10 sachet + Free 1 sachet (11 sachet) Growssy Milk Untuk kestabilan & pertumbuhan yang harmonis, komposisi dari Growssy Milk dibuat sedekat mungkin untuk mencapai keistimewaan seperti susu induk kucing, dengan tingkatan energi protein yang dibutuhkan anak kucing. Growssy Milk mengandung ultra-digestable protein yang dipilih dengan kehati-hatian, & mengandung lactose yang sangat menyerupai susu dari induk kucing untuk menjaga sistem pencernaan anak kucing. Penamahan Fructo-Oligo-Saccharides (FOS) membantu menjaga keseimbangan & kesehatan sistem pencernaan anak kucing. Growssy Milk juga mengandung kalsium & fosfor yang sangat penting bagi pembentukan tulang, gigi & menjaga keseimbangan cairan & berbagai reaksi metabolisme. Sedangkan mineral lainnya berfungsi untuk menjaga kesehatan kulit, sendi, sel darah merah & sistem imun. Formula eksklusif Growssy Milk membuat proses penyajian yang lebih mudah. Susu langsung larut tanpa endapan. Petunjuk pemberian : Campur 1 sachet Growssy Milk dengan 5 bagian air hangat (bukan air mendidih), diamkan sampai dingin sebelum diberikan ke anak kucing. Dalam usia 4 minggu pertama, anak kucing harus minum 4-6 kali setiap harinya. Jumlah susu yang di larutkan untuk setiap pemberian harus sekitar 15-20ml per 100gram berat anak kucing & dapat disesuaikan dengan kebutuhan setiap anak kucing. Untuk pemberian susu pertama kali, sedikit dari Growssy Milk yang dilarutkan harus dicobakan ke anak kucing dahulu, akan membantu agar anak kucing terbiasa dengan cepat terhadap Growssy Milk. Saran dan Anjuran : Growssy Milk yang sudah dilarutkan harus habis dalam 1 jam, susu yang tersisa lebih dari 1 jam jangan diberikan ke anak kucing. Jangan berikan Growssy Milk sachet yang telah terbuka lewat dari 1 minggu. Pemberian Growssy milk dapat diberikan ke anak kucing yang baru lahir. Perhatian : Tidak cocok untuk kucing yang alergi terhadap susu sapi/lembu, Campurkan dengan perbandingan berbeda jika terjadi sembelit atau kucing yang tidak mendapatkan gizi yang memadai. Simpan di tempat kering dan sejuk",44954.00 IDR,in stock,new,https://shopee.co.id/product/262714770/13199448944,https://cf.shopee.co.id/file/5e31198c55a1284cf9b4cc798e95ae9e,"https://cf.shopee.co.id/file/id-11134207-7qul1-lgunobjvt0mm71,https://cf.shopee.co.id/file/cf17a79c5e1f61683400bae2293de0f0",Growssy,Pets > Pet Food > Cat Food
11857403189,Vets Formula Flea & Tick Plus Obat Kutu Kucing dan Anjing,"Halo! Selamat datang di Central Cat's.. Kami menjual berbagai macam kebutuhan serta keperluan hewan peliharaan kamu.. Selamat berbelanja! VETS FORMULA FLEAS & TICKS PLUS+ Obat Kutu Ampuh untuk Kucing & Anjing Vets Formula Fleas & Ticks Plus+ adalah obat tetes untuk membunuh kutu pada kucing maupun anjing. Hadir dengan formula baru yang lebih AMPUH dan EFEKTIF membasmi kutu pada hewan peliharaan Anda. Di dalam kemasan : - 1 pc Obat tetes kutu - 1 pc Suntikan tanpa jarum/spuit CARA PEMAKAIAN VETS FORMULA PLUS + 1. Buka tutup almunium terlebih dahulu kemudian buka tutup karetnya ambil obat menggunakan suntikan yg sudah disediakan dalam box 2. Teteskan sesuai dosis pada bagian tengkuk 3. Buka bulu sampai terlihat kulitnya lalu teteskan memanjang 7-10cm dibagian kulitnya. Harus terkena kulit agar obat meresap dengan maksimal. 4. Agar obat tidak terjilat pakaikan collar/pelindung leher, dan di usahakan kucing di kandang minimal 1x24 jam setelah penetesan. 5. Obat akan bereaksi 48-72jam dan dapat membunuh 90-100% kutu Dapat dipakai untuk: * Anjing/Kucing dewasa * Anjing/Kucing umur 2,5 bulan atau berat badan minimal 1kg * Tidak bisa digunakan pada kucing hamil & menyusui * Tidak bisa digunakan pada anjing/kucing dengan riwayat penyakit syaraf / FIV DOSIS * 1 tube bisa digunakan anjing/kucing dewasa dengan berat badan 3,2kg - 5kg PERHATIAN! - Simpan obat pada suhu ruang. - Jangan terkena matahari langsung ISI 0,4ML",150000.00 IDR,in stock,new,https://shopee.co.id/product/262714770/11857403189,https://cf.shopee.co.id/file/id-11134207-7rbk5-m7v58lox6gr42c,"https://cf.shopee.co.id/file/id-11134207-7rbk9-m7v58lox99w073,https://cf.shopee.co.id/file/id-11134207-7rbk0-m7v58lox7vbkbb,https://cf.shopee.co.id/file/id-11134207-7rbk4-m7v58loxaoggf3,https://cf.shopee.co.id/file/id-11134207-7rbka-m7v58loxc30wa4,https://cf.shopee.co.id/file/id-11134207-7rbk8-m7v58loxdhlc2d,https://cf.shopee.co.id/file/id-11134207-7rbk0-m7v58loxew5s39,https://cf.shopee.co.id/file/id-11134207-7rbk8-m7v58loxgaq877,https://cf.shopee.co.id/file/id-11134207-7rbkc-m7v58loxhpao18",Vets Formula,Pets > Pet Healthcare > Anti Fleas & Ticks
11663119100,Collar Kain Kucing,"Halo! Selamat datang di Central Cat's.. Kami menjual berbagai macam kebutuhan serta keperluan hewan peliharaan kamu.. Selamat berbelanja! Collar kain untuk kucing Terbuat dari kain yang sangat nyaman dan tidak menyakiti kucing anda. diameter lingkaran luar 25 cm diameter lingkaran dalam 3,5 cm Kegunaan : • Menjaga penampilan kucing saat acara cat show • Meminimalkan terjadinya noda pada bulu bagian kaki dan leher kucing • Mencegahan kucing menjilat pasca pengobatan • Sebagai celemek ketika menyuapi makanan saat kucing sakit agar bulu tetap bersih • Menjaga bulu tetap bersih setelah dimandikan • Mempercantik kucing kesayangan",3863.00 IDR,in stock,new,https://shopee.co.id/product/262714770/11663119100,https://cf.shopee.co.id/file/id-11134207-7r98o-lkknonlbsdn962,"https://cf.shopee.co.id/file/f660b549d2f4721a97f882e39d6704a0,https://cf.shopee.co.id/file/3a1d78e6a4f3cb1c29edc8f8156e74a5",Central Cat's,"Pets > Pet Accessories > Leashes, Collars, Harnesses & Muzzles"
9756875312,Fungi Killer Obat Jamur Kucing dan Anjing Ampuh 15ml,"Halo! Selamat datang di Central Cat's.. Kami menjual berbagai macam kebutuhan serta keperluan hewan peliharaan kamu.. Selamat berbelanja! Fungi Killer Obat Jamur Hewan Ampuh Fungi Killer adalah obat jamur hewan yang dilengkapi dengan serum penumbuh bulu berfungsi untuk membasmi jamur, ringworm dan scabies ringan. Keunggulan: - Ampuh membasmi jamur, ringworm, scabies ringan - Terdapat serum penumbuh bulu - Cepat meresap - Tidak menimbulkan bekas warna jika terkena bulu - Aroma wangi - Aman jika terjilat Bahan Aktif: Ketoconazole 2%, ekstrak olive oil, serum untuk pertumbuhan bulu Cara penggunaan : Teteskan / oles ke area yang terkena jamur lalu diamkan, ulangi 3x sehari. *Jangan terkena mata. Isi : 15ml",55000.00 IDR,in stock,new,https://shopee.co.id/product/262714770/9756875312,https://cf.shopee.co.id/file/id-11134207-7qukw-lkhoersi7tjob4,"https://cf.shopee.co.id/file/4167e95a82894d3e299f793638cb5618,https://cf.shopee.co.id/file/aab9152c1eebf48408c056e213a96469,https://cf.shopee.co.id/file/701fad71a8e2b80d4e870f225d6be684,https://cf.shopee.co.id/file/193878f706bdc9b8316717768c0214c6,https://cf.shopee.co.id/file/70f55d031bf2bcdc4f33d9e3c4f35ef0,https://cf.shopee.co.id/file/3a1d78e6a4f3cb1c29edc8f8156e74a5",Central Cat's,Pets > Pet Healthcare > Medication
9502482879,Body & Tail Degreaser Maxi Grooming 100 Gram,"Segera Dapatkan Degreaser Maxi Body & Tail dengan harga murah hanya di Central Cat’s. Serta kebutuhan hewan peliharaan lainnya seperti : Makanan, Obat & Vitamin, Shampoo, Perlengkapan dan Aksesoris Hewan lainnya. Alasan kenapa harus pakai Degreaser Maxi Body & Tail : 1. Product tidak mengandung bahan kimia yang menyebabkan perusakan pada bulu dan kulit 2. Sangat mudah digunakan 3. Penggunaanya sangat irit 4. Membuat bulu Kucing/Anjing menjadi lembut. Cara pemakaian : 1. Campurkan Degreaser dengan air hangat dengan takaran 1 : 10ml air pada botol shaker. Kocok hingga larutan tercampur rata. 2. Aplikasikan ke bulu kucing/anjing yang akan dimandikan dalam posisi kering. 3. Pijat dan ratakan ke seluruh bagian tubuh lalu bilas. 4. Setelah pembilasan bisa dilanjutkan ke proses berikutnya, yaitu deep cleansing atau shampoo. Kegunaan Degreaser Maxi Body & Tail : 1. Menghilangkan minyak yang mengikat pada bulu kucing/anjing 2. Mengembalikan tekstur pada bulu kucing/anjing 3. Untuk step pertama saat grooming Note : Bila terdapat minyak berlebih pada kucing/anjing lakukan secara berulang. Performa Maxi 2x lebih kuat dari Daily",103806.00 IDR,in stock,new,https://shopee.co.id/product/262714770/9502482879,https://cf.shopee.co.id/file/id-11134207-7qul4-lkhoersi50es89,"https://cf.shopee.co.id/file/97d9625a12b48fba9d2d345d3e0e81eb,https://cf.shopee.co.id/file/sg-11134201-7qvf0-lepobtcs78e5e6,https://cf.shopee.co.id/file/3a1d78e6a4f3cb1c29edc8f8156e74a5",Body & Tail,Pets > Pet Grooming > Hair Care
9228545465,Paket Body & Tail Gold Series Shampoo Kucing dan Anjing 500ml,"Halo! Selamat datang di Central Cat's.. Kami menjual berbagai macam kebutuhan serta keperluan hewan peliharaan kamu.. Selamat berbelanja! Paket Body & Tail Gold Series Shampoo Perawatan Lengkap untuk Kucing & Anjing Kesayangan Anda Berikan perawatan mandi terbaik untuk hewan peliharaan Anda dengan Paket Body & Tail Gold Series Shampoo. Diformulasikan khusus untuk kucing dan anjing, paket ini menghadirkan pembersihan menyeluruh dari ujung hidung hingga ekor, menjaga kesehatan kulit dan bulu agar tetap bersih, lembut, dan wangi. Paket ini terdiri dari 3 produk perawatan premium: 1. Degreaser Ultra Varian terkuat untuk proses degreasing. Fungsi: Mengangkat kotoran dan minyak dari rambut hewan dengan lembut. Digunakan saat rambut masih kering. 2. Deep Cleanser Penyempurna setelah degreasing. Fungsi: Menghilangkan sisa degreaser, melembutkan rambut, dan mencerahkan warna asli rambut kucing dan anjing. 3. Shampoo Gold Series Shampoo utama untuk hasil maksimal. Fungsi: Melembutkan rambut, membuatnya mengembang dan berkilau. Ideal untuk grooming harian atau persiapan show.",1470250.00 IDR,in stock,new,https://shopee.co.id/product/262714770/9228545465,https://cf.shopee.co.id/file/id-11134207-7r98v-llw5hmbsrpr821,"https://cf.shopee.co.id/file/id-11134207-7r98x-llw0bqqd5cf3da,https://cf.shopee.co.id/file/id-11134207-7r991-llw0bqqd3xun15,https://cf.shopee.co.id/file/id-11134207-7r992-llw5hmbsf2n8bb,https://cf.shopee.co.id/file/id-11134207-7r98w-llw0bqqczq5ba3,https://cf.shopee.co.id/file/id-11134207-7r98x-llw0bqqd14prf6,https://cf.shopee.co.id/file/id-11134207-7r98w-llw0bqqd2ja73c,https://cf.shopee.co.id/file/3a1d78e6a4f3cb1c29edc8f8156e74a5",Body & Tail,Pets > Pet Grooming > Hair Care
8328545173,Body & Tail Degreaser Daily Grooming Shampoo Kucing dan Anjing 5Kg,"Segera Dapatkan Degreaser Daily Body & Tail dengan harga murah hanya di Central Cat’s. Serta kebutuhan hewan peliharaan lainnya seperti : Makanan, Obat & Vitamin, Shampoo, Perlengkapan dan Aksesoris Hewan lainnya. Alasan kenapa harus pakai Degreaser Daily Body & Tail : 1. Product tidak mengandung bahan kimia yang menyebabkan perusakan pada bulu dan kulit 2. Sangat mudah digunakan 3. Penggunaanya sangat irit 4. Membuat bulu Kucing/Anjing menjadi lembut. Cara pemakaian : 1. Campurkan Degreaser dengan air hangat dengan takaran 1 : 10ml air pada botol shaker. Kocok hingga larutan tercampur rata. 2. Aplikasikan ke bulu kucing/anjing yang akan dimandikan dalam posisi kering. 3. Pijat dan ratakan ke seluruh bagian tubuh lalu bilas. 4. Setelah pembilasan bisa dilanjutkan ke proses berikutnya, yaitu deep cleansing atau shampoo. Kegunaan Degreaser Daily Body & Tail : 1. Menghilangkan minyak yang mengikat pada bulu kucing/anjing 2. Mengembalikan tekstur pada bulu kucing/anjing 3. Untuk step pertama saat grooming Note : Bila terdapat minyak berlebih pada kucing/anjing lakukan secara berulang.",1736750.00 IDR,in stock,new,https://shopee.co.id/product/262714770/8328545173,https://cf.shopee.co.id/file/id-11134207-7r98t-llw0shqcca9z0a,"https://cf.shopee.co.id/file/id-11134201-7qul0-lepkexayj6nwd8,https://cf.shopee.co.id/file/id-11134201-7quky-lepl7cxal6sk85,https://cf.shopee.co.id/file/id-11134201-7qukz-lepl7d4sa7n1b9,https://cf.shopee.co.id/file/id-11134201-7qukx-lepl7ci17ib61a,https://cf.shopee.co.id/file/3a1d78e6a4f3cb1c29edc8f8156e74a5,https://cf.shopee.co.id/file/id-11134201-7qul0-lepl8hkd45f694,https://cf.shopee.co.id/file/id-11134201-7qukx-lepl8haxhyt3b8",Body & Tail,Pets > Pet Grooming > Hair Care
8152432903,Vitalysine Maxi Show Kitten & Puppies Vitamin Bulu Kucing dan Anjing 80gr,"Halo! Selamat datang di Central Cat's.. Kami menjual berbagai macam kebutuhan serta keperluan hewan peliharaan kamu.. Selamat berbelanja! Vitalysine Maxi Show Kitten & Puppy adalah varian yang memiliki komposisi Collagen, Taurine, dan Calcium dosis tinggi untuk merawat kulit dan rambut serta memacu pertumbuhan rambut dan fisik secara pesat untuk persiapan show. Hanya boleh digunakan pada usia 2-8 bulan untuk menjaga daya tahan tubuh dan pembentukan otot dan tulang, serta memacu nafsu makan. Semua manfaat varian Basic ada juga di varian ini. Untuk hasil maksimal, lanjutkan dengan Vitalysine Maxi Show Adult setelah memasuki usia dewasa. Kandungan Collagen 800.000mcg Taurine 120.000mcg Manfaat Vitalysine Maxi Show Adult : 1. Membantu daya tahan tubuh 2. Mengobati flu 3. Memaksimalkan pertumbuhan otot dan tulang 4. Pencegahan terhadap herpes 5. Membantu proses penyembuhan 6. Memenuhi kebutuhan vitamin dan mineral 7. Menjaga kesehatan bulu 8. Meningkatkan nafsu makan Aturan Pakai Harian: 1 sendok takar/3 kg BB *Bisa dicampur ke makanan (dry food/wet food) *Tidak disarankan untuk usia dibawah 2 bulan Berat Produk : 80gr ------------------------------------------------------------------- ""Mohon untuk selalu tanyakan ketersediaan stock terlebih dahulu sebelum di order"" :)",176105.00 IDR,in stock,new,https://shopee.co.id/product/262714770/8152432903,https://cf.shopee.co.id/file/id-11134207-7r98s-loff41yfqbgg64,"https://cf.shopee.co.id/file/4394bca319ec3d58bccb479c3958e197,https://cf.shopee.co.id/file/4c8a44fcb4da5ae1de77b447bac2e1ac,https://cf.shopee.co.id/file/3a1d78e6a4f3cb1c29edc8f8156e74a5",Vitalysine,Pets > Pet Healthcare > Vitamins & Supplements
7856139890,Body & Tail Gold Series Shampoo Kucing dan Anjing 500ml,"Halo! Selamat datang di Central Cat's.. Kami menjual berbagai macam kebutuhan serta keperluan hewan peliharaan kamu.. Selamat berbelanja! Gold Series Shampoo dibuat dengan formula yang sangat lembut yang berfungsi melapisi kembali rambut pada anjing dan kucing setelah proses degreasing dan deep cleansing. Membuat rambut pada anjing dan kucing sehat berkilau, mengembang dan mudah disisir. Cara pemakaian Body And Tail Gold Series Shampoo : - Campur 1 bagian Body And Tail Gold Series Shampoo dengan 10 bagian air bersih dan kocok hingga berbusa - Aplikasikan ke rambut anjing atau kucing secara merata dan sambil dipijat sampai meresap, lalu diamkan 5 - 10menit - Bilas hingga bersih, lalu keringkan menggunakan kanebo atau handuk - Blower hingga benar benar kering Kemasan 500 ml",386917.00 IDR,in stock,new,https://shopee.co.id/product/262714770/7856139890,https://cf.shopee.co.id/file/id-11134207-7qul1-lkhoersic19006,"https://cf.shopee.co.id/file/id-11134207-7r992-lpoump2cfm4v03,https://cf.shopee.co.id/file/bd4ce20b5f28a706671ecd3707a9de02,https://cf.shopee.co.id/file/id-11134207-7r98y-lpoump2ce7kfce,https://cf.shopee.co.id/file/id-11134207-7r98o-lpoump2ccszz4c,https://cf.shopee.co.id/file/id-11134207-7r990-lpoump2ch0pbcb,https://cf.shopee.co.id/file/3a1d78e6a4f3cb1c29edc8f8156e74a5",Body & Tail,Pets > Pet Grooming > Hair Care
7688274284,Vitalysine Maxi Show Adult Vitamin Bulu Kucing dan Anjing 80gr,"Halo! Selamat datang di Central Cat's.. Kami menjual berbagai macam kebutuhan serta keperluan hewan peliharaan kamu.. Selamat berbelanja! VITALYSINE MAXI SHOW ADULT Vitalysine Maxi Show Adult dibuat dengan komposisi yang dimaksimalkan dengan dilengkapi Collagen serta Taurine untuk perawatan kulit dan rambut serta memacu pertumbuhan rambut secara cepat untuk persiapan show pada usia 8 bulan keatas. Semua manfaat varian Basic ada juga di varian ini. Kandungan Collagen 800.000mcg Taurine 120.000mcg Manfaat Vitalysine Maxi Show Adult : 1. Membantu daya tahan tubuh 2. Mengobati flu 3. Memaksimalkan pertumbuhan otot dan tulang 4. Pencegahan terhadap herpes 5. Membantu proses penyembuhan 6. Memenuhi kebutuhan vitamin dan mineral 7. Menjaga kesehatan bulu 8. Meningkatkan nafsu makan Aturan Pakai Harian: 1 sendok takar/3 kg BB *Bisa dicampur ke makanan (dry food/wet food) *Tidak disarankan untuk usia dibawah 2 bulan ------------------------------------------------------------------- ""Mohon untuk selalu tanyakan ketersediaan stock terlebih dahulu sebelum di order"" :)",161655.00 IDR,in stock,new,https://shopee.co.id/product/262714770/7688274284,https://cf.shopee.co.id/file/id-11134207-7r98o-loff41yfrq0w7f,"https://cf.shopee.co.id/file/0c1e91926e604b8de32a313552db7947,https://cf.shopee.co.id/file/4c8a44fcb4da5ae1de77b447bac2e1ac,https://cf.shopee.co.id/file/3a1d78e6a4f3cb1c29edc8f8156e74a5",Vitalysine,Pets > Pet Healthcare > Vitamins & Supplements
7156137116,Body & Tail Degreaser Ultra Grooming 500ml Shampoo Kucing & Anjing,"Segera Dapatkan Degreaser Ultra Body & Tail dengan harga murah hanya di Central Cat’s. Serta kebutuhan hewan peliharaan lainnya seperti : Makanan, Obat & Vitamin, Shampoo, Perlengkapan dan Aksesoris Hewan lainnya. Alasan kenapa harus pakai Degreaser Ultra Body & Tail : 1. Product tidak mengandung bahan kimia yang menyebabkan perusakan pada bulu dan kulit 2. Sangat mudah digunakan 3. Penggunaanya sangat irit 4. Membuat bulu Kucing/Anjing menjadi lembut. Cara pemakaian : 1. Campurkan Degreaser dengan air hangat dengan takaran 1 : 10ml air pada botol shaker. Kocok hingga larutan tercampur rata. 2. Aplikasikan ke bulu kucing/anjing yang akan dimandikan dalam posisi kering. 3. Pijat dan ratakan ke seluruh bagian tubuh lalu bilas. 4. Setelah pembilasan bisa dilanjutkan ke proses berikutnya, yaitu deep cleansing atau shampoo. Kegunaan Degreaser Ultra Body & Tail : 1. Menghilangkan minyak yang mengikat pada bulu kucing/anjing 2. Mengembalikan tekstur pada bulu kucing/anjing 3. Untuk step pertama saat grooming Keunggulan dari Product Degreaser Ultra Body and Tail selain membuat bulu lebih halus adalah mampu mengangkat minyak berlebih pada bulu kucing/anjing dengan sempurna dan irit, dikarenakan Ultra didesign 2x lipat lebih baik dari Degreaser Maxi dan 4x lebih baik dari Degreaser Daily. Untuk beberapa case dan Ras Kucing seperti Mainecoon, Persian dan Bengal kami merekomendasikan Product ini Note : Bila terdapat minyak berlebih pada kucing/anjing lakukan secara berulang.",632472.00 IDR,in stock,new,https://shopee.co.id/product/262714770/7156137116,https://cf.shopee.co.id/file/id-11134207-7r990-llrjjznd31kk71,"https://cf.shopee.co.id/file/id-11134207-7r98s-llrjjznd4g5008,https://cf.shopee.co.id/file/b0e382e35fe118430915c456d4a5de76,https://cf.shopee.co.id/file/id-11134207-7r98w-lpoump2cbel644,https://cf.shopee.co.id/file/id-11134207-7r98o-lpoump2cmmz374,https://cf.shopee.co.id/file/id-11134207-7r98y-lpoump2co1jj32,https://cf.shopee.co.id/file/5f34ab01c69704f773876451d2f0549e,https://cf.shopee.co.id/file/3a1d78e6a4f3cb1c29edc8f8156e74a5",Body & Tail,Pets > Pet Grooming > Hair Care
6560566162,Body & Tail Degreaser Daily Shampoo Kucing dan Anjing 500gr,"Segera Dapatkan Degreaser Daily Body & Tail dengan harga murah hanya di Central Cat’s. Serta kebutuhan hewan peliharaan lainnya seperti : Makanan, Obat & Vitamin, Shampoo, Perlengkapan dan Aksesoris Hewan lainnya. Alasan kenapa harus pakai Degreaser Daily Body & Tail : 1. Product tidak mengandung bahan kimia yang menyebabkan perusakan pada bulu dan kulit 2. Sangat mudah digunakan 3. Penggunaanya sangat irit 4. Membuat bulu Kucing/Anjing menjadi lembut. Cara pemakaian : 1. Campurkan Degreaser dengan air hangat dengan takaran 1 : 10ml air pada botol shaker. Kocok hingga larutan tercampur rata. 2. Aplikasikan ke bulu kucing/anjing yang akan dimandikan dalam posisi kering. 3. Pijat dan ratakan ke seluruh bagian tubuh lalu bilas. 4. Setelah pembilasan bisa dilanjutkan ke proses berikutnya, yaitu deep cleansing atau shampoo. Kegunaan Degreaser Daily Body & Tail : 1. Menghilangkan minyak yang mengikat pada bulu kucing/anjing 2. Mengembalikan tekstur pada bulu kucing/anjing 3. Untuk step pertama saat grooming Note : Bila terdapat minyak berlebih pada kucing/anjing lakukan secara berulang.",191917.00 IDR,in stock,new,https://shopee.co.id/product/262714770/6560566162,https://cf.shopee.co.id/file/id-11134207-7qukw-lkhv4w0j2w7tbe,"https://cf.shopee.co.id/file/id-11134201-7qul0-lepkexayj6nwd8,https://cf.shopee.co.id/file/3a1d78e6a4f3cb1c29edc8f8156e74a5,https://cf.shopee.co.id/file/id-11134201-7quky-lepl7cxal6sk85,https://cf.shopee.co.id/file/id-11134201-7qukz-lepl7d4sa7n1b9,https://cf.shopee.co.id/file/id-11134201-7qukx-lepl7ci17ib61a,https://cf.shopee.co.id/file/id-11134201-7qul0-lepl8hkd45f694,https://cf.shopee.co.id/file/id-11134201-7qukx-lepl8haxhyt3b8",Body & Tail,Pets > Pet Grooming > Hair Care
6555035452,Paket Body & Tail Gold Series Shampoo Kucing dan Anjing 250ml,"Halo! Selamat datang di Central Cat's.. Kami menjual berbagai macam kebutuhan serta keperluan hewan peliharaan kamu.. Selamat berbelanja! Paket Body & Tail Gold Series Shampoo Perawatan Lengkap untuk Kucing & Anjing Kesayangan Anda Berikan perawatan mandi terbaik untuk hewan peliharaan Anda dengan Paket Body & Tail Gold Series Shampoo. Diformulasikan khusus untuk kucing dan anjing, paket ini menghadirkan pembersihan menyeluruh dari ujung hidung hingga ekor, menjaga kesehatan kulit dan bulu agar tetap bersih, lembut, dan wangi. Paket ini terdiri dari 3 produk perawatan premium: 1. Degreaser Ultra Varian terkuat untuk proses degreasing. Fungsi: Mengangkat kotoran dan minyak dari rambut hewan dengan lembut. Digunakan saat rambut masih kering. 2. Deep Cleanser Penyempurna setelah degreasing. Fungsi: Menghilangkan sisa degreaser, melembutkan rambut, dan mencerahkan warna asli rambut kucing dan anjing. 3. Shampoo Gold Series Shampoo utama untuk hasil maksimal. Fungsi: Melembutkan rambut, membuatnya mengembang dan berkilau. Ideal untuk grooming harian atau persiapan show.",791361.00 IDR,in stock,new,https://shopee.co.id/product/262714770/6555035452,https://cf.shopee.co.id/file/id-11134207-7r98p-llw5hmbshvs41b,"https://cf.shopee.co.id/file/id-11134207-7r98v-llw5hmbsqb6s9d,https://cf.shopee.co.id/file/id-11134207-7r98r-llw5hmbsni1wae,https://cf.shopee.co.id/file/id-11134207-7r98t-llw5hmbsowmc66,https://cf.shopee.co.id/file/id-11134207-7r98x-llw5hmbsjack46,https://cf.shopee.co.id/file/id-11134207-7r98x-llw5hmbskox07b,https://cf.shopee.co.id/file/id-11134207-7r98p-llw5hmbsm3hgf9,https://cf.shopee.co.id/file/3a1d78e6a4f3cb1c29edc8f8156e74a5",Body & Tail,Pets > Pet Grooming > Hair Care
6448941085,Body & Tail Degreaser Maxi dan Ultra Grooming Shampoo Kucing & Anjing 500gr,"Segera Dapatkan Degreaser Maxi Body & Tail dengan harga murah hanya di Central Cat’s. Serta kebutuhan hewan peliharaan lainnya seperti : Makanan, Obat & Vitamin, Shampoo, Perlengkapan dan Aksesoris Hewan lainnya. Alasan kenapa harus pakai Degreaser Maxi Body & Tail : 1. Product tidak mengandung bahan kimia yang menyebabkan perusakan pada bulu dan kulit 2. Sangat mudah digunakan 3. Penggunaanya sangat irit 4. Membuat bulu Kucing/Anjing menjadi lembut. Cara pemakaian : 1. Campurkan Degreaser dengan air hangat dengan takaran 1 : 10ml air pada botol shaker. Kocok hingga larutan tercampur rata. 2. Aplikasikan ke bulu kucing/anjing yang akan dimandikan dalam posisi kering. 3. Pijat dan ratakan ke seluruh bagian tubuh lalu bilas. 4. Setelah pembilasan bisa dilanjutkan ke proses berikutnya, yaitu deep cleansing atau shampoo. Kegunaan Degreaser Maxi Body & Tail : 1. Menghilangkan minyak yang mengikat pada bulu kucing/anjing 2. Mengembalikan tekstur pada bulu kucing/anjing 3. Untuk step pertama saat grooming Note : Bila terdapat minyak berlebih pada kucing/anjing lakukan secara berulang. Performa Maxi 2x lebih kuat dari Daily",408583.00 IDR,in stock,new,https://shopee.co.id/product/262714770/6448941085,https://cf.shopee.co.id/file/id-11134207-7quky-lkhv4w0ivvdlcb,"https://cf.shopee.co.id/file/id-11134207-7r992-lpoump2cjtzu57,https://cf.shopee.co.id/file/id-11134207-7r98v-lpoump2co1p6d3,https://cf.shopee.co.id/file/id-11134207-7r98y-lpoump2ciffe18,https://cf.shopee.co.id/file/id-11134207-7r98x-lpoump2cbeb36e,https://cf.shopee.co.id/file/id-11134207-7r98u-lpoump2cmn4qf2,https://cf.shopee.co.id/file/3a1d78e6a4f3cb1c29edc8f8156e74a5",Body & Tail,Pets > Pet Grooming > Hair Care
6349090478,Catnivore Raw Food Makanan Kucing Khusus Gojek/Grab,"Halo! Selamat datang di Central Cat's.. Kami menjual berbagai macam kebutuhan serta keperluan hewan peliharaan kamu.. Selamat berbelanja! Deskripsi Catnivore Raw Food Makanan Kucing Khusus Gojek/Grab Apa itu CATNIVORE? CATNIVORE merupakan pakan khusus untuk kucing berbasis BARF (BIOLOGICALLY APPROPRIATE RAW FOOD) yang artinya berasal dari sumber-sumber hewani mentah (Daging, Tulang, Organ Dalam) dan diolah dengan komposisi yang tepat untuk kebutuhan nutrisi kucing baik kitten, induk hamil, menyusui dan kucing dewasa. Saat ini CATNIVORE memiliki varian Rabbit BARF. Pengiriman Gojek and Grab",100000.00 IDR,in stock,new,https://shopee.co.id/product/262714770/6349090478,https://cf.shopee.co.id/file/23fd1134a872f3d62b146dbc90b6c5f7,"https://cf.shopee.co.id/file/76b1a995bb712e79b92a2a6185e9e614,https://cf.shopee.co.id/file/3a1d78e6a4f3cb1c29edc8f8156e74a5",Catnivore,Pets > Pet Food > Cat Food
6288275631,Vitalysine Hi - Calcium Vitamin Kucing & Anjing 80gr,"Halo! Selamat datang di Central Cat's.. Kami menjual berbagai macam kebutuhan serta keperluan hewan peliharaan kamu.. Selamat berbelanja! Vitalysine Hi-Calcium adalah varian yang dikhususkan untuk menunjang pertumbuhan fisik secara maksimal, dengan kandungan Calcium dan Phospor yang sangat tinggi, sangat bagus untuk memacu pertumbuhan tulang dan gigi yang kuat untuk Kitten dan Puppy. Semua manfaat varian BASIC juga terdapat di varian Hi-Calcium. Baik untuk diberikan kepada induk hamil dan menyusui, sehingga pertumbuhan janin lebih optimal. Untuk kitten dan puppy bisa diberikan ketika usia pertumbuhan mulai 2-8 bulan. Tidak disarankan diberikan usia dewasa yang tidak sedang hamil atau menyusui. Manfaat Vitalysine Hi-Calcium : 1. Membantu daya tahan tubuh 2. Mengobati flu 3. Memaksimalkan pertumbuhan otot dan tulang 4. Pencegahan terhadap herpes 5. Membantu proses penyembuhan 6. Memenuhi kebutuhan vitamin dan mineral 7. Menjaga kesehatan bulu 8. Meningkatkan nafsu makan Aturan Pakai: - Pengobatan : 1 sendok takar/3 kg BB - Pencegahan : 1/2 sendok takar/3 kg BB *Bisa dicampur ke makanan (dry food/wet food) *Tidak disarankan untuk usia dibawah 2 bulan Berat Produk : 80gr ------------------------------------------------------------------ ""Mohon untuk selalu tanyakan ketersediaan stock terlebih dahulu sebelum di order"" :)",103851.00 IDR,in stock,new,https://shopee.co.id/product/262714770/6288275631,https://cf.shopee.co.id/file/id-11134207-7qukz-lkhtemc9cbwg79,"https://cf.shopee.co.id/file/e8efd4dead5ffa4595f71d7722bef8b6,https://cf.shopee.co.id/file/2150ab2c891de9676bda0eb6b986e80d,https://cf.shopee.co.id/file/4c8a44fcb4da5ae1de77b447bac2e1ac,https://cf.shopee.co.id/file/3a1d78e6a4f3cb1c29edc8f8156e74a5",Vitalysine,Pets > Pet Healthcare > Vitamins & Supplements
6155062200,Body & Tail Degreaser Ultra Grooming Shampoo Kucing & Anjing 250ml,"Alasan kenapa harus pakai Degreaser Ultra Body & Tail : 1. Product tidak mengandung bahan kimia yang menyebabkan perusakan pada bulu dan kulit 2. Sangat mudah digunakan 3. Penggunaanya sangat irit 4. Membuat bulu Kucing/Anjing menjadi lembut. Cara pemakaian : 1. Campurkan Degreaser dengan air hangat dengan takaran 1 : 10ml air pada botol shaker. Kocok hingga larutan tercampur rata. 2. Aplikasikan ke bulu kucing/anjing yang akan dimandikan dalam posisi kering. 3. Pijat dan ratakan ke seluruh bagian tubuh lalu bilas. 4. Setelah pembilasan bisa dilanjutkan ke proses berikutnya, yaitu deep cleansing atau shampoo. Kegunaan Degreaser Ultra Body & Tail : 1. Menghilangkan minyak yang mengikat pada bulu kucing/anjing 2. Mengembalikan tekstur pada bulu kucing/anjing 3. Untuk step pertama saat grooming Keunggulan dari Product Degreaser Ultra Body and Tail selain membuat bulu lebih halus adalah mampu mengangkat minyak berlebih pada bulu kucing/anjing dengan sempurna dan irit, dikarenakan Ultra didesign 2x lipat lebih baik dari Degreaser Maxi dan 4x lebih baik dari Degreaser Daily. Untuk beberapa case dan Ras Kucing seperti Mainecoon, Persian dan Bengal kami merekomendasikan Product ini Note : Bila terdapat minyak berlebih pada kucing/anjing lakukan secara berulang.",342861.00 IDR,in stock,new,https://shopee.co.id/product/262714770/6155062200,https://cf.shopee.co.id/file/id-11134207-7r98s-llrjjznd1n040d,"https://cf.shopee.co.id/file/id-11134201-7quky-ler05x64tysy62,https://cf.shopee.co.id/file/id-11134207-7r98u-lpoump2cif9r0f,https://cf.shopee.co.id/file/id-11134207-7r992-lpoump2cl8en46,https://cf.shopee.co.id/file/id-11134207-7r98p-lpoump2cjtu72d,https://cf.shopee.co.id/file/3a1d78e6a4f3cb1c29edc8f8156e74a5",Body & Tail,Pets > Pet Grooming > Hair Care
6147598524,Micromax Feline Vitamin Kucing Isi 15 (Repack),"Halo! Selamat datang di Central Cat's.. Kami menjual berbagai macam kebutuhan serta keperluan hewan peliharaan kamu.. Selamat berbelanja! MicroMax Feline adalah Supplement yang dibuat khusus kucing, perpaduan dari Protein (Whey), Mineral, Antioksidan, Asam Amino dan Vitamin esensial yang mampu meningkatkan imun tubuh dengan cepat. Kandungan dari Ektsrak Nepeta Cataria mampu meredahkan stres pada kucing sakit yang membuat tubuh kucing cepat kembali bugar. Sangat cocok diberikan untuk kucing, baik kitten maupun adult dalam menyembuhkan maupun sebagai vitamin harian guna meningkatkan daya tahan tubuh dan membuat kucing terhindar dari serangan virus. Manfaat Micromax Feline: 1. Mengandung komponen lengkap yang menunjang kesehatan kucing Anda. 2. Membuat Daya tahan tubuh/imun kucing jauh lebih kuat agar tidak mudah sakit 3. Menyehatkan janin bagi kucing yang sedang hamil. 4. Menunjang pertumbuhan untuk kucing berusia dibawah 1 bulan. 5. Menambah nafsu makan dan membuat kucing lebih aktif. 6. Dapat meringankan gejala flu, demam, dan lemas 7. Membantu meringankan level stress Aturan Pakai: - Kitten Pemeliharaan tubuh: 1/2 kapsul 1 hari Pengobatan: 1/2 kapsul 2x sehari - Adult Pemeliharaan tubuh: 1 kapsul 1 hari Pengobatan : 1 kapsul 2x sehari *Bisa dicampur ke minuman atau makanan (dry food/wet food) *Bisa diberikan langsung ke mulut kucing *isi 15 dan 30 pakai botol repack #micromax #vitaminkucing",90000.00 IDR,in stock,new,https://shopee.co.id/product/262714770/6147598524,https://cf.shopee.co.id/file/id-11134207-7qul7-lkhncx7a4g44ff,"https://cf.shopee.co.id/file/id-11134207-7qul5-lkhncx7a5uoke1,https://cf.shopee.co.id/file/77178cf3bc0c9f5a8af0f8a038477635,https://cf.shopee.co.id/file/3a1d78e6a4f3cb1c29edc8f8156e74a5",Micromax,Pets > Pet Healthcare > Vitamins & Supplements
5990997380,Body & Tail Degreaser Daily Shampoo Kucing dan Anjing 100gr,"Segera Dapatkan Degreaser Daily Body & Tail dengan harga murah hanya di Central Cat’s. Serta kebutuhan hewan peliharaan lainnya seperti : Makanan, Obat & Vitamin, Shampoo, Perlengkapan dan Aksesoris Hewan lainnya. Alasan kenapa harus pakai Degreaser Daily Body & Tail : 1. Product tidak mengandung bahan kimia yang menyebabkan perusakan pada bulu dan kulit 2. Sangat mudah digunakan 3. Penggunaanya sangat irit 4. Membuat bulu Kucing/Anjing menjadi lembut. Cara pemakaian : 1. Campurkan Degreaser dengan air hangat dengan takaran 1 : 10ml air pada botol shaker. Kocok hingga larutan tercampur rata. 2. Aplikasikan ke bulu kucing/anjing yang akan dimandikan dalam posisi kering. 3. Pijat dan ratakan ke seluruh bagian tubuh lalu bilas. 4. Setelah pembilasan bisa dilanjutkan ke proses berikutnya, yaitu deep cleansing atau shampoo. Kegunaan Degreaser Daily Body & Tail : 1. Menghilangkan minyak yang mengikat pada bulu kucing/anjing 2. Mengembalikan tekstur pada bulu kucing/anjing 3. Untuk step pertama saat grooming Note : Bila terdapat minyak berlebih pada kucing/anjing lakukan secara berulang.",49639.00 IDR,in stock,new,https://shopee.co.id/product/262714770/5990997380,https://cf.shopee.co.id/file/id-11134207-7qul4-lkhv4w0iyoih88,"https://cf.shopee.co.id/file/id-11134201-7qul0-lepkexayj6nwd8,https://cf.shopee.co.id/file/3a1d78e6a4f3cb1c29edc8f8156e74a5,https://cf.shopee.co.id/file/id-11134201-7quky-lepl7cxal6sk85,https://cf.shopee.co.id/file/id-11134201-7qukz-lepl7d4sa7n1b9,https://cf.shopee.co.id/file/id-11134201-7qul0-lepl8hkd45f694,https://cf.shopee.co.id/file/id-11134201-7qukx-lepl8haxhyt3b8",Body & Tail,Pets > Pet Grooming > Hair Care
5642469147,Micromax Feline Vitamin Kucing Isi 30 Repack,"Halo! Selamat datang di Central Cat's.. Kami menjual berbagai macam kebutuhan serta keperluan hewan peliharaan kamu.. Selamat berbelanja! MicroMax Feline adalah Supplement yang dibuat khusus kucing, perpaduan dari Protein (Whey), Mineral, Antioksidan, Asam Amino dan Vitamin esensial yang mampu meningkatkan imun tubuh dengan cepat. Kandungan dari Ektsrak Nepeta Cataria mampu meredahkan stres pada kucing sakit yang membuat tubuh kucing cepat kembali bugar. Sangat cocok diberikan untuk kucing, baik kitten maupun adult dalam menyembuhkan maupun sebagai vitamin harian guna meningkatkan daya tahan tubuh dan membuat kucing terhindar dari serangan virus. Manfaat Micromax Feline: 1. Mengandung komponen lengkap yang menunjang kesehatan kucing Anda. 2. Membuat Daya tahan tubuh/imun kucing jauh lebih kuat agar tidak mudah sakit 3. Menyehatkan janin bagi kucing yang sedang hamil. 4. Menunjang pertumbuhan untuk kucing berusia dibawah 1 bulan. 5. Menambah nafsu makan dan membuat kucing lebih aktif. 6. Dapat meringankan gejala flu, demam, dan lemas 7. Membantu meringankan level stress Aturan Pakai: - Kitten Pemeliharaan tubuh: 1/2 kapsul 1 hari Pengobatan: 1/2 kapsul 2x sehari - Adult Pemeliharaan tubuh: 1 kapsul 1 hari Pengobatan : 1 kapsul 2x sehari *Bisa dicampur ke minuman atau makanan (dry food/wet food) *Bisa diberikan langsung ke mulut kucing Note : Dikarenakan Supplier sudah tidak produksi botol isi 30, maka kami menggunakan botol repack.",160000.00 IDR,in stock,new,https://shopee.co.id/product/262714770/5642469147,https://cf.shopee.co.id/file/id-11134207-7qul6-lkhncx7a1mz835,"https://cf.shopee.co.id/file/id-11134207-7qul7-lkhncx7a31joef,https://cf.shopee.co.id/file/afbff82c0d474ebd52e7e8bfad7b7aca,https://cf.shopee.co.id/file/1795201586efccc802d12b8d8c1b39ef,https://cf.shopee.co.id/file/3a1d78e6a4f3cb1c29edc8f8156e74a5",Micromax,Pets > Pet Healthcare > Vitamins & Supplements
5542675723,Mandiin Kucing Tangerang,Central Cat Grooming Melayani jasa memandikan kucing area Tangerang. Ketentuan Order : Pemesanan hari ini dimasukkan jadwal ke hari berikutnya. Owner akan dihubungi oleh kami untuk penjadwalan waktu. Jam Operasional : 08.00 - 17.00 Booked system. Invoice akan dikirim via jasa pengiriman untuk persyaratan pencairan dana.,110000.00 IDR,in stock,new,https://shopee.co.id/product/262714770/5542675723,https://cf.shopee.co.id/file/d4d0527ddb84c5d4da08b0a94170daf5,"https://cf.shopee.co.id/file/c9b315c46b31e956191f36b26f725708,https://cf.shopee.co.id/file/d6e03547ece6a76e5c4042b687172b5e,https://cf.shopee.co.id/file/0f86398144b5c1831c42fc000d04e7ba",Central Cat's,Pets > Pet Accessories > Pet Furniture > Scratching Pads & Posts
5453970191,Drontal Cat Obat Cacing Kucing Tablet Original Elanco,"Halo! Selamat datang di Central Cat's.. Kami menjual berbagai macam kebutuhan serta keperluan hewan peliharaan kamu.. Selamat berbelanja! Obat Cacing Kucing DRONTAL Cat Harga yang tercantum adalah harga untuk 1 tablet Kegunaan : Obat cacing untuk kucing Bahan Aktif : Praziquantel 20mg, Pyrantel Embonate 230mg. *ORIGINAL PRODUCT BY ELANCO INDONESIA Bentuk formulasi : Tablet (elipsoid) Obat cacing spektrum luas untuk kucing digunakan sebagai pencegahan dan pengobatan terhadap infeksi cacing saluran cerna yang disebabkan oleh cacing gelang, cacing cambuk, cacing kait dan cacing pita. Keunggulan: Terbukti dan terpercaya sebagai obat cacing andalan untuk kucing. Tidak berinteraksi dengan zat nutrisi pada makanan, sehingga bisa diberikan dengan/tanpa makanan. Dapat diberikan pada kucing menyusui. Dapat diberikan pada kitten mulai umur 6 minggu. Dosis Pemakaian : Berat Badan 2 Kg --> 1/2 tablet 4 Kg ---> 1 tablet 6 Kg ---> 1 1/2 tablet Pengobatan yang dianjurkan *Anak kucing (Kittens): Berikan pengobatan pada usia 6, 8, 10, dan 12 minggu, lalu sebulan sekali sampai usia 6 bulan. Setelah itu setiap 3 bulan sekali, atau sesuai anjuran dokter hewan. *Induk menyusui (Lactating Queens): Harus diobati bersamaan dengan anak-anak kucingnya. *Kucing dewasa (Adults): Berikan pengobatan setiap 3 bulan sekali atau sesuai anjuran dokter hewan. *Peringatan • Jangan digunakan pada kucing yang sedang hamil. • Tidak ditujukan untuk anak kucing berusia kurang dari 6 minggu. • Jangan digunakan bersamaan dengan senyawa piperazine. • Hanya untuk pengobatan hewan. • Jauhkan dari jangkauan anak-anak. • Jangan digunakan setelah tanggal kedaluwarsa.",32652.00 IDR,in stock,new,https://shopee.co.id/product/262714770/5453970191,https://cf.shopee.co.id/file/id-11134207-7r990-lmstep34izd890,"https://cf.shopee.co.id/file/id-11134207-7r98x-lmstep34hktw01,https://cf.shopee.co.id/file/id-11134207-7r98t-lmstep34hkss6e,https://cf.shopee.co.id/file/id-11134207-7r98s-lmstep34hkpr78,https://cf.shopee.co.id/file/3a1d78e6a4f3cb1c29edc8f8156e74a5",Drontal,Pets > Pet Healthcare > Medication
5355064076,Body & Tail Gold Series Shampoo Kucing dan Anjing 250ml,"Halo! Selamat datang di Central Cat's.. Kami menjual berbagai macam kebutuhan serta keperluan hewan peliharaan kamu.. Selamat berbelanja! Body & Tail Gold Series Shampoo Body & Tail Gold Series Shampoo adalah produk shampo terbaik dari body & tail , Gold Series Shampoo membuat warna lebih cemerlang, bersinar & mewah. Tingkat kelembutan & daya kembang bulu juga jauh lebih baik ( bisa di atur sesuai kebutuhan dari komposisi shaker) Gold Series Shampoo dibuat dengan formula yang sangat lembut yang berfungsi melapisi kembali rambut pada anjing dan kucing setelah proses degreasing dan deep cleansing. Membuat rambut pada anjing dan kucing sehat berkilau, mengembang dan mudah disisir. Cara pemakaian Body And Tail Gold Series Shampoo : - Campur 1 bagian Body And Tail Gold Series Shampoo dengan 10 bagian air bersih dan kocok hingga berbusa - Aplikasikan ke rambut anjing atau kucing secara merata dan sambil dipijat sampai meresap, lalu diamkan 5 - 10menit - Bilas hingga bersih, lalu keringkan menggunakan kanebo atau handuk - Blower hingga benar benar kering Kemasan 250ml",212861.00 IDR,in stock,new,https://shopee.co.id/product/262714770/5355064076,https://cf.shopee.co.id/file/id-11134207-7qukw-lkhtemc9f51c5c,"https://cf.shopee.co.id/file/id-11134207-7r98w-lpoump2cbefja7,https://cf.shopee.co.id/file/7a1bda889e16edb79c9dfaab14d03b09,https://cf.shopee.co.id/file/id-11134207-7r98q-lpoump2ca00qce,https://cf.shopee.co.id/file/id-11134207-7r98x-lpoump2c9zv3b1,https://cf.shopee.co.id/file/id-11134207-7r98o-lpoump2c9zqnb4,https://cf.shopee.co.id/file/3a1d78e6a4f3cb1c29edc8f8156e74a5",Body & Tail,Pets > Pet Grooming > Hair Care
5348938873,Body & Tail Moonlite Shampoo Kucing dan Anjing 500ml,"Halo! Selamat datang di Central Cat's.. Kami menjual berbagai macam kebutuhan serta keperluan hewan peliharaan kamu.. Selamat berbelanja! Moonlite Body And Tail Shampoo Kucing & Anjing 500ml Moonlite Shampoo by Body & Tail adalah Shampoo untuk hewan kesayangan anda, dengan kharakter yang lembut sehingga aman untuk rambut kucing dan anjing. jangan lupa gunakan degreaser Body & Tail sebelum shampoo untuk hasil maksimal. Varian : -White Musk -Vanila -Bubble Gum -Clinique Happy -Leci",126917.00 IDR,in stock,new,https://shopee.co.id/product/262714770/5348938873,https://cf.shopee.co.id/file/id-11134207-7qul8-lkhtemc9jcqoc3,"https://cf.shopee.co.id/file/cf92cf16578c0c7fe3a06fc0d46943b0,https://cf.shopee.co.id/file/id-11134207-7r98s-logk5530hlh8ff,https://cf.shopee.co.id/file/id-11134207-7r990-logk5530kem476,https://cf.shopee.co.id/file/id-11134207-7r98x-logk5530j01of5,https://cf.shopee.co.id/file/3a1d78e6a4f3cb1c29edc8f8156e74a5",Body & Tail,Pets > Pet Grooming > Hair Care
4960773794,Body & Tail Gold Series Deep Cleanser Shampoo Kucing dan Anjing 500ml,"Segera Dapatkan Deep Cleanser Body & Tail dengan harga murah hanya di Central Cat’s. Serta kebutuhan hewan peliharaan lainnya seperti : Makanan, Obat & Vitamin, Shampoo, Perlengkapan dan Aksesoris Hewan lainnya. Warna Kucing/Anjing kesayanganmu Pudar atau Kusam?!! Tidak perlu kawatir lagi dengan Deep Cleanser Body & Tail. Alasan kenapa harus pakai Deep Cleanser Body & Tail : 1. Product tidak mengandung bahan kimia yang menyebabkan perusakan pada bulu dan kulit 2. Sangat mudah digunakan 3. Penggunaanya sangat irit 4. Membuat bulu Kucing/Anjing menjadi lembut Cara pemakaian : 1. Tuangkan air ke dalam bak grooming sebanyak kurang lebih 3 liter 2. Masukkan 10ml Deep Cleanser ke dalam air lalu aduk 3. Rendam Kucing/Anjing dan lakukan pemijatan agar residu yang tersisa hilang dan usahakan pembasuhan secara merata dan diamkan beberapa menit agar deep cleanser bekerja dengan baik. 4. Bilas hingga bersih dengan dilanjutkan dengan proses pemberian Shampoo. Kegunaan Deep Cleanser Body & Tail : 1. Menghilangkan bekas residu sisa dari degreaser 2. Mengembalikan performa colour pada Kucing/Anjing (beberapa ras Kucing seperti Bengal, Mainecoon Brown Tabby atau Ras lain yang colournya variasi) sebaiknya menggunakan deep cleanser 3. Membuat bulu Kucing/Anjing menjadi halus Untuk beberapa case dan Ras Kucing seperti Mainecoon, Persian dan Bengal kami merekomendasikan Product ini",459139.00 IDR,in stock,new,https://shopee.co.id/product/262714770/4960773794,https://cf.shopee.co.id/file/id-11134207-7qukw-lkhoersi98440a,"https://cf.shopee.co.id/file/id-11134207-7rasb-m0icj0s54ggs4c,https://cf.shopee.co.id/file/5afc8ab239188a701b935ce33625fa6a,https://cf.shopee.co.id/file/id-11134207-7ras8-m0icj0s55v1829,https://cf.shopee.co.id/file/id-11134207-7rasf-m0icj0s58o64bc,https://cf.shopee.co.id/file/id-11134207-7rasm-m0icj0s579lof2,https://cf.shopee.co.id/file/3a1d78e6a4f3cb1c29edc8f8156e74a5",Body & Tail,Pets > Pet Grooming > Hair Care
4848939041,Deep Cleanser Body & Tail Shampoo Kucing dan Anjing 250ml,"Segera Dapatkan Deep Cleanser Body & Tail dengan harga murah hanya di Central Cat’s. Serta kebutuhan hewan peliharaan lainnya seperti : Makanan, Obat & Vitamin, Shampoo, Perlengkapan dan Aksesoris Hewan lainnya. Warna Kucing/Anjing kesayanganmu Pudar atau Kusam?!! Tidak perlu kawatir lagi dengan Deep Cleanser Body & Tail. Alasan kenapa harus pakai Deep Cleanser Body & Tail : 1. Product tidak mengandung bahan kimia yang menyebabkan perusakan pada bulu dan kulit 2. Sangat mudah digunakan 3. Penggunaanya sangat irit 4. Membuat bulu Kucing/Anjing menjadi lembut Cara pemakaian : 1. Tuangkan air ke dalam bak grooming sebanyak kurang lebih 3 liter 2. Masukkan 10ml Deep Cleanser ke dalam air lalu aduk 3. Rendam Kucing/Anjing dan lakukan pemijatan agar residu yang tersisa hilang dan usahakan pembasuhan secara merata dan diamkan beberapa menit agar deep cleanser bekerja dengan baik. 4. Bilas hingga bersih dengan dilanjutkan dengan proses pemberian Shampoo. Kegunaan Deep Cleanser Body & Tail : 1. Menghilangkan bekas residu sisa dari degreaser 2. Mengembalikan performa colour pada Kucing/Anjing (beberapa ras Kucing seperti Bengal, Mainecoon Brown Tabby atau Ras lain yang colournya variasi) sebaiknya menggunakan deep cleanser 3. Membuat bulu Kucing/Anjing menjadi halus Untuk beberapa case dan Ras Kucing seperti Mainecoon, Persian dan Bengal kami merekomendasikan Product ini",241750.00 IDR,in stock,new,https://shopee.co.id/product/262714770/4848939041,https://cf.shopee.co.id/file/id-11134207-7r98o-lkoqz0lyn25c11,"https://cf.shopee.co.id/file/20e8b2d5cc509a18ec359be9f7ae99c3,https://cf.shopee.co.id/file/3a1d78e6a4f3cb1c29edc8f8156e74a5",Body & Tail,Pets > Pet Grooming > Hair Care
4553602585,Oxy Otic Pet Ear Cleaner Pembersih Telinga Kucing dan Anjing 100ml,"Halo! Selamat datang di Central Cat's.. Kami menjual berbagai macam kebutuhan serta keperluan hewan peliharaan kamu.. Selamat berbelanja! Oxy Otic Pet Ear Cleaner Pembersih Telinga Kucing dan Anjing Cara Penggunaan : 1. Sebelum menggunakan ear cleaner, sebaiknya botol digenggam terlebih dahulu selama 1 menit agar suhu stabil. 2. Teteskan 1-2 tetes, tahan sambl di pijat pelan. Lalu biarkan kucing menggeleng-gelengkan kepalanya. 3. Basahi kapas dengan cairan Oxy Otic untuk membersihkan daun telinga dalam. 4. Lakukan 4-7 hari sekali atau saat telinga sudah kotor. Oxy Otic aman untuk pemakaian jangka panjang isi 100ml exp 1 tahun setelah dibuka",75000.00 IDR,in stock,new,https://shopee.co.id/product/262714770/4553602585,https://cf.shopee.co.id/file/id-11134207-7r98w-llyspi182r35d5,"https://cf.shopee.co.id/file/85f7980000f499f02ecb919cc0833db7,https://cf.shopee.co.id/file/3a1d78e6a4f3cb1c29edc8f8156e74a5,https://cf.shopee.co.id/file/125d107873ed7624e323876c15565478,https://cf.shopee.co.id/file/da77e901d450d3cab773c538810cdfb6,https://cf.shopee.co.id/file/bc2b2513d6f9712af3454344ef8c4a02,https://cf.shopee.co.id/file/f9a3135fc28fadd1e39d8aa3e09943f5,https://cf.shopee.co.id/file/fd959b96cc0108f17aa990437da8f904",Oxy Otic,Pets > Pet Healthcare > Others
4268074213,Body & Tail Degreaser Maxi dan Ultra Grooming 250 Gram,"Segera Dapatkan Degreaser Maxi Body & Tail dengan harga murah hanya di Central Cat’s. Serta kebutuhan hewan peliharaan lainnya seperti : Makanan, Obat & Vitamin, Shampoo, Perlengkapan dan Aksesoris Hewan lainnya. Alasan kenapa harus pakai Degreaser Maxi Body & Tail : 1. Product tidak mengandung bahan kimia yang menyebabkan perusakan pada bulu dan kulit 2. Sangat mudah digunakan 3. Penggunaanya sangat irit 4. Membuat bulu Kucing/Anjing menjadi lembut. Cara pemakaian : 1. Campurkan Degreaser dengan air hangat dengan takaran 1 : 10ml air pada botol shaker. Kocok hingga larutan tercampur rata. 2. Aplikasikan ke bulu kucing/anjing yang akan dimandikan dalam posisi kering. 3. Pijat dan ratakan ke seluruh bagian tubuh lalu bilas. 4. Setelah pembilasan bisa dilanjutkan ke proses berikutnya, yaitu deep cleansing atau shampoo. Kegunaan Degreaser Maxi Body & Tail : 1. Menghilangkan minyak yang mengikat pada bulu kucing/anjing 2. Mengembalikan tekstur pada bulu kucing/anjing 3. Untuk step pertama saat grooming Note : Bila terdapat minyak berlebih pada kucing/anjing lakukan secara berulang. Performa Maxi 2x lebih kuat dari Daily",227306.00 IDR,in stock,new,https://shopee.co.id/product/262714770/4268074213,https://cf.shopee.co.id/file/id-11134207-7qul1-lkhoersi6ez847,"https://cf.shopee.co.id/file/sg-11134201-7qvf0-lepobtcs78e5e6,https://cf.shopee.co.id/file/id-11134207-7r992-lpoump2ce7q2aa,https://cf.shopee.co.id/file/id-11134207-7r98s-lpoump2cct5m3b,https://cf.shopee.co.id/file/id-11134207-7r990-lpoump2ch0uye1,https://cf.shopee.co.id/file/id-11134207-7r98q-lpoump2cfmai28,https://cf.shopee.co.id/file/3a1d78e6a4f3cb1c29edc8f8156e74a5",Body & Tail,Pets > Pet Grooming > Hair Care
4048941080,Vitalysine Basic Vitamin Nafsu Makan Kucing dan Anjing 80gr,"Halo! Selamat datang di Central Cat's.. Kami menjual berbagai macam kebutuhan serta keperluan hewan peliharaan kamu.. Selamat berbelanja! Vitalysine Basic adalah kandungan dasar dari semua varian Vitalysine, dengan komposisi seimbang sangat bagus untuk menjada daya tahan tubuh serta memenuhi kebutuhan vitamin dan mineral harian. Manfaat Vitalysine Basic : 1. Menjaga sistem imun 2. Mengobati flu 3. Memaksimalkan pertumbuhan otot dan tulang 4. Pencegahan terhadap herpes 5. Membantu proses pertumbuhan 6. Memacu nafsu makan 7. Menjaga kesehatan kulit Aturan Pakai: - Pengobatan : 1 sendok takar/3 kg BB - Pencegahan : 1/2 sendok takar/3 kg BB *Bisa dicampur ke makanan (dry food/wet food) *Tidak disarankan untuk usia dibawah 2 bulan Netto : 80gram",96626.00 IDR,in stock,new,https://shopee.co.id/product/262714770/4048941080,https://cf.shopee.co.id/file/id-11134207-7qula-lkhtemc9dqgwea,"https://cf.shopee.co.id/file/69363cb60609c7cb123f0df6bf749284,https://cf.shopee.co.id/file/4948e9cc6c909f5855771df0683231a0,https://cf.shopee.co.id/file/3a1d78e6a4f3cb1c29edc8f8156e74a5",Vitalysine,Pets > Pet Healthcare > Vitamins & Supplements
3956133136,Miracle Nipple Mini / Dot Untuk Bayi Hewan Peliharaan (ORIGINAL),"Halo! Selamat datang di Central Cat's.. Kami menjual berbagai macam kebutuhan serta keperluan hewan peliharaan kamu.. Selamat berbelanja! AVAILABLE SIZE MINI ONLY (HANYA TERSEDIA SIZE MINI) MIRACLE NIPPLE (ORIGINAL PRODUCT) Dot ini dirancang untuk mamalia menyusui berukuran kecil sampai sedang, dengan lubang, memiliki keunggulan fleksibilitas , dan faktanya memberikan kemudahan untuk digunakan, juga cocok digunakan dengan syringe. Kami merekomendasikan untuk menggunakan syringe, dan ini juga akan cocok dengan tutup botol kecil untuk menyusui. Dot ini telah dirancang untuk jauh lebih lama dari dot lainnya dengan kemungkinan kecil menjadi rusak. Dot ini juga telah dirancang untuk mengurangi kemungkinan anak kucing akan menelan bagian dot atau menggigitnya menjadi dua. Dot ini juga dirancang dengan bantalan agar hewan dapat meremas dengan cakar kecil mereka seperti yang biasa mereka lakukan saat menyusui pada ibu mereka. Anda akan sangat bersemangat dengan dot ini. Isi dalam paket : * 1 pc Syringe 3 ml (Terumo) * 1 pc dot kitten Miracle Nipple MINI Note : Mohon ditanyakan dulu ketersediaan stok",150000.00 IDR,in stock,new,https://shopee.co.id/product/262714770/3956133136,https://cf.shopee.co.id/file/408f3303915a73a361153e11d49767c7,"https://cf.shopee.co.id/file/cb09095292d88cd6b8f419ab8a7e5a83,https://cf.shopee.co.id/file/423dfb8b9775a484b579c1622c6d2db5,https://cf.shopee.co.id/file/3a1d78e6a4f3cb1c29edc8f8156e74a5",Central Cat's,Pets > Pet Clothing & Accessories > Neck Accessories
3942692389,Micromax Feline Vitamin Imun Kucing,"Halo! Selamat datang di Central Cat's.. Kami menjual berbagai macam kebutuhan serta keperluan hewan peliharaan kamu.. Selamat berbelanja! MicroMax Feline adalah Supplement yang dibuat khusus kucing, perpaduan dari Protein (Whey), Mineral, Antioksidan, Asam Amino dan Vitamin esensial yang mampu meningkatkan imun tubuh dengan cepat. Kandungan dari Ektsrak Nepeta Cataria mampu meredahkan stres pada kucing sakit yang membuat tubuh kucing cepat kembali bugar. Sangat cocok diberikan untuk kucing, baik kitten maupun adult dalam menyembuhkan maupun sebagai vitamin harian guna meningkatkan daya tahan tubuh dan membuat kucing terhindar dari serangan virus. Manfaat Micromax Feline: 1. Mengandung komponen lengkap yang menunjang kesehatan kucing Anda. 2. Membuat Daya tahan tubuh/imun kucing jauh lebih kuat agar tidak mudah sakit 3. Menyehatkan janin bagi kucing yang sedang hamil. 4. Menunjang pertumbuhan untuk kucing berusia dibawah 1 bulan. 5. Menambah nafsu makan dan membuat kucing lebih aktif. 6. Dapat meringankan gejala flu, demam, dan lemas 7. Membantu meringankan level stress Aturan Pakai: - Kitten Pemeliharaan tubuh: 1/2 kapsul 1 hari Pengobatan: 1/2 kapsul 2x sehari - Adult Pemeliharaan tubuh: 1 kapsul 1 hari Pengobatan : 1 kapsul 2x sehari *Bisa dicampur ke minuman atau makanan (dry food/wet food) *Bisa diberikan langsung ke mulut kucing *Untuk pengambilan banyak (reseller) harap chat admin",60000.00 IDR,in stock,new,https://shopee.co.id/product/262714770/3942692389,https://cf.shopee.co.id/file/id-11134207-7qul0-lkhncx7aa2dw5f,"https://cf.shopee.co.id/file/id-11134207-7qul2-lkhncx7abgyc94,https://cf.shopee.co.id/file/id-11134207-7r98o-lu94mwn765eefd,https://cf.shopee.co.id/file/id-11134207-7r98o-lu94mwn765cbb9,https://cf.shopee.co.id/file/id-11134207-7r990-lu94mwn7652jcd,https://cf.shopee.co.id/file/id-11134207-7r98z-lyc1m12g9z4w96,https://cf.shopee.co.id/file/id-11134207-7r990-ly4ovpiz78ij7a,https://cf.shopee.co.id/file/3a1d78e6a4f3cb1c29edc8f8156e74a5",Micromax,Pets > Pet Healthcare > Vitamins & Supplements
3942691799,Central Cat's Beauty Teaser Premium Mainan Kucing,"Beauty Teaser Premium Mainan Kucing Mainan yang sangat disukai oleh kucing. Tongkat berbahan dari besi, praktis, kuat dan awet. Dilengkapi dengan bulu dan lonceng berbunyi yang dapat merangsang kucing bermain dengan gembira.. Merk : Central Cat's Fitur : mainan bulu Bahan : tongkat besi, bulu, lonceng Panjang : 40cm Kode : AC #teaser #mainankucing",35000.00 IDR,in stock,new,https://shopee.co.id/product/262714770/3942691799,https://cf.shopee.co.id/file/id-11134207-7r98s-lyvy9xgp81cu58,"https://cf.shopee.co.id/file/id-11134207-7r98s-lyvy9xgp9fk880,https://cf.shopee.co.id/file/id-11134207-7r98v-lyvy9xgp81eo43,https://cf.shopee.co.id/file/id-11134207-7r98p-lyvy9xgp811he3,https://cf.shopee.co.id/file/id-11134207-7r98s-lyvy9xgpau4o0b",Central Cat's,Pets > Pet Accessories > Toys > Dog & Cat Toys > Sticks & Chasers
3653824205,Genius Spray Hair & Skin Health Obat Jamur/Luka/Scabies 250ml,"Halo! Selamat datang di Central Cat's.. Kami menjual berbagai macam kebutuhan serta keperluan hewan peliharaan kamu.. Selamat berbelanja! Genius spray adalah water based product, berbahan dasar callogen water dan arvan oil. Kegunaan : 1. Mengobati dermatitis (jamur, scabies, kutu) 2. Mengikat Organic stain 3. Mencerahkan semua jenis warna pola rambut 4. Membuat bulu super halus dan mengembang 5. Bisa untuk dry bath 6. Mengobati luka luar (bisa untuk hewan dan manusia) Penggunaan product yang tepat dapat memberikan hasil maksimal. isi 250 ml",95000.00 IDR,in stock,new,https://shopee.co.id/product/262714770/3653824205,https://cf.shopee.co.id/file/id-11134207-7qula-lkhtemc9gjlse6,"https://cf.shopee.co.id/file/7143aa027d0d954617001a18c8d409b5,https://cf.shopee.co.id/file/e93b54006f94c540d59eef233d678a40,https://cf.shopee.co.id/file/3a1d78e6a4f3cb1c29edc8f8156e74a5",Genius Spray,Pets > Pet Healthcare > Medication
3460666939,Body & Tail Degreaser Daily Shampoo Kucing dan Anjing 250gr,"Segera Dapatkan Degreaser Daily Body & Tail dengan harga murah hanya di Central Cat’s. Serta kebutuhan hewan peliharaan lainnya seperti : Makanan, Obat & Vitamin, Shampoo, Perlengkapan dan Aksesoris Hewan lainnya. Alasan kenapa harus pakai Degreaser Daily Body & Tail : 1. Product tidak mengandung bahan kimia yang menyebabkan perusakan pada bulu dan kulit 2. Sangat mudah digunakan 3. Penggunaanya sangat irit 4. Membuat bulu Kucing/Anjing menjadi lembut. Cara pemakaian : 1. Campurkan Degreaser dengan air hangat dengan takaran 1 : 10ml air pada botol shaker. Kocok hingga larutan tercampur rata. 2. Aplikasikan ke bulu kucing/anjing yang akan dimandikan dalam posisi kering. 3. Pijat dan ratakan ke seluruh bagian tubuh lalu bilas. 4. Setelah pembilasan bisa dilanjutkan ke proses berikutnya, yaitu deep cleansing atau shampoo. Kegunaan Degreaser Daily Body & Tail : 1. Menghilangkan minyak yang mengikat pada bulu kucing/anjing 2. Mengembalikan tekstur pada bulu kucing/anjing 3. Untuk step pertama saat grooming Note : Bila terdapat minyak berlebih pada kucing/anjing lakukan secara berulang.",104528.00 IDR,in stock,new,https://shopee.co.id/product/262714770/3460666939,https://cf.shopee.co.id/file/id-11134207-7qul0-lkhv4w0j032xc5,"https://cf.shopee.co.id/file/a65f69ebc6eaaf46546c81a6165eaf58,https://cf.shopee.co.id/file/id-11134201-7qul0-lepkexayj6nwd8,https://cf.shopee.co.id/file/3a1d78e6a4f3cb1c29edc8f8156e74a5,https://cf.shopee.co.id/file/id-11134201-7quky-lepl7cxal6sk85,https://cf.shopee.co.id/file/id-11134201-7qukz-lepl7d4sa7n1b9,https://cf.shopee.co.id/file/id-11134201-7qukx-lepl7ci17ib61a,https://cf.shopee.co.id/file/id-11134201-7qukx-lepl8haxhyt3b8,https://cf.shopee.co.id/file/id-11134201-7qul0-lepl8hkd45f694",Body & Tail,Pets > Pet Grooming > Hair Care
3166116649,Body And Tail Moonlite Shampoo Kucing dan Anjing 250ml,"Halo! Selamat datang di Central Cat's.. Kami menjual berbagai macam kebutuhan serta keperluan hewan peliharaan kamu.. Selamat berbelanja! Moonlite Shampoo Shampo Kucing dan Anjing 250ml by Body & Tail Moonlite Shampoo by Body & Tail adalah Shampoo untuk hewan kesayangan anda, dengan karakter yang lembut sehingga aman untuk rambut kucing dan anjing. Jangan lupa gunakan Degreaser Body & Tail sebelum shampoo untuk hasil maksimal. Kemasan 250ml/botol",68417.00 IDR,in stock,new,https://shopee.co.id/product/262714770/3166116649,https://cf.shopee.co.id/file/id-11134207-7qul7-lkhtemc9krb469,"https://cf.shopee.co.id/file/id-11134207-7r98q-logk5530lt6ke9,https://cf.shopee.co.id/file/id-11134207-7r991-logk5530escce2,https://cf.shopee.co.id/file/id-11134207-7r98v-logk5530g6ws31,https://cf.shopee.co.id/file/id-11134207-7r98w-logk5530ddrw9e,https://cf.shopee.co.id/file/cb6ead5f0ca334fb16daf3458a7caa18,https://cf.shopee.co.id/file/3a1d78e6a4f3cb1c29edc8f8156e74a5",Body,Pets > Pet Grooming > Hair Care
